file,line,type,commit,author,date,time,timezone,datetime,depth,length
style.css,1,css,c6c60e09,lseseri,2025-01-15,00:18:44,-08:00,2025-01-15T00:18:44-08:00,0,6
style.css,2,css,c6c60e09,lseseri,2025-01-15,00:18:44,-08:00,2025-01-15T00:18:44-08:00,0,34
style.css,3,css,c6c60e09,lseseri,2025-01-15,00:18:44,-08:00,2025-01-15T00:18:44-08:00,0,0
style.css,4,css,c6c60e09,lseseri,2025-01-15,00:18:44,-08:00,2025-01-15T00:18:44-08:00,0,5
style.css,5,css,c6c60e09,lseseri,2025-01-15,00:18:44,-08:00,2025-01-15T00:18:44-08:00,0,33
style.css,6,css,d0ee1137,lseseri,2025-01-22,23:25:06,-08:00,2025-01-22T23:25:06-08:00,0,24
style.css,7,css,c6c60e09,lseseri,2025-01-15,00:18:44,-08:00,2025-01-15T00:18:44-08:00,0,0
style.css,8,css,e7b749a0,lseseri,2025-01-09,15:53:48,-08:00,2025-01-09T15:53:48-08:00,0,5
style.css,9,css,e7b749a0,lseseri,2025-01-09,15:53:48,-08:00,2025-01-09T15:53:48-08:00,0,44
style.css,10,css,e7b749a0,lseseri,2025-01-09,15:53:48,-08:00,2025-01-09T15:53:48-08:00,0,43
style.css,11,css,e7b749a0,lseseri,2025-01-09,15:53:48,-08:00,2025-01-09T15:53:48-08:00,0,1
style.css,12,css,e7b749a0,lseseri,2025-01-09,15:53:48,-08:00,2025-01-09T15:53:48-08:00,0,24
style.css,13,css,44a5d2f5,lseseri,2025-01-14,17:31:54,-08:00,2025-01-14T17:31:54-08:00,0,16
style.css,14,css,44a5d2f5,lseseri,2025-01-14,17:31:54,-08:00,2025-01-14T17:31:54-08:00,0,19
style.css,15,css,3ecc436e,lseseri,2025-01-14,18:29:57,-08:00,2025-01-14T18:29:57-08:00,0,13
style.css,16,css,3ecc436e,lseseri,2025-01-14,18:29:57,-08:00,2025-01-14T18:29:57-08:00,0,0
style.css,17,css,3ecc436e,lseseri,2025-01-14,18:29:57,-08:00,2025-01-14T18:29:57-08:00,0,6
style.css,18,css,329bd8eb,lseseri,2025-01-14,20:08:59,-08:00,2025-01-14T20:08:59-08:00,0,10
style.css,19,css,3ecc436e,lseseri,2025-01-14,18:29:57,-08:00,2025-01-14T18:29:57-08:00,0,17
style.css,20,css,329bd8eb,lseseri,2025-01-14,20:08:59,-08:00,2025-01-14T20:08:59-08:00,0,0
style.css,21,css,329bd8eb,lseseri,2025-01-14,20:08:59,-08:00,2025-01-14T20:08:59-08:00,0,4
style.css,22,css,329bd8eb,lseseri,2025-01-14,20:08:59,-08:00,2025-01-14T20:08:59-08:00,0,13
style.css,23,css,13f7c76f,lseseri,2025-01-15,14:37:28,-08:00,2025-01-15T14:37:28-08:00,0,21
style.css,24,css,329bd8eb,lseseri,2025-01-14,20:08:59,-08:00,2025-01-14T20:08:59-08:00,0,24
style.css,25,css,329bd8eb,lseseri,2025-01-14,20:08:59,-08:00,2025-01-14T20:08:59-08:00,0,26
style.css,26,css,d0ee1137,lseseri,2025-01-22,23:25:06,-08:00,2025-01-22T23:25:06-08:00,0,44
style.css,27,css,d0ee1137,lseseri,2025-01-22,23:25:06,-08:00,2025-01-22T23:25:06-08:00,0,40
style.css,28,css,d0ee1137,lseseri,2025-01-22,23:25:06,-08:00,2025-01-22T23:25:06-08:00,0,40
style.css,29,css,329bd8eb,lseseri,2025-01-14,20:08:59,-08:00,2025-01-14T20:08:59-08:00,0,0
style.css,30,css,329bd8eb,lseseri,2025-01-14,20:08:59,-08:00,2025-01-14T20:08:59-08:00,0,6
style.css,31,css,329bd8eb,lseseri,2025-01-14,20:08:59,-08:00,2025-01-14T20:08:59-08:00,0,7
style.css,32,css,329bd8eb,lseseri,2025-01-14,20:08:59,-08:00,2025-01-14T20:08:59-08:00,0,21
style.css,33,css,329bd8eb,lseseri,2025-01-14,20:08:59,-08:00,2025-01-14T20:08:59-08:00,0,14
style.css,34,css,329bd8eb,lseseri,2025-01-14,20:08:59,-08:00,2025-01-14T20:08:59-08:00,0,18
style.css,35,css,329bd8eb,lseseri,2025-01-14,20:08:59,-08:00,2025-01-14T20:08:59-08:00,0,14
style.css,36,css,c6c60e09,lseseri,2025-01-15,00:18:44,-08:00,2025-01-15T00:18:44-08:00,0,0
style.css,37,css,c6c60e09,lseseri,2025-01-15,00:18:44,-08:00,2025-01-15T00:18:44-08:00,0,12
style.css,38,css,c6c60e09,lseseri,2025-01-15,00:18:44,-08:00,2025-01-15T00:18:44-08:00,0,26
style.css,39,css,c6c60e09,lseseri,2025-01-15,00:18:44,-08:00,2025-01-15T00:18:44-08:00,0,26
style.css,40,css,c6c60e09,lseseri,2025-01-15,00:18:44,-08:00,2025-01-15T00:18:44-08:00,0,40
style.css,41,css,d0ee1137,lseseri,2025-01-22,23:25:06,-08:00,2025-01-22T23:25:06-08:00,0,64
style.css,42,css,d0ee1137,lseseri,2025-01-22,23:25:06,-08:00,2025-01-22T23:25:06-08:00,0,70
style.css,43,css,c6c60e09,lseseri,2025-01-15,00:18:44,-08:00,2025-01-15T00:18:44-08:00,0,0
style.css,44,css,c6c60e09,lseseri,2025-01-15,00:18:44,-08:00,2025-01-15T00:18:44-08:00,0,14
style.css,45,css,c6c60e09,lseseri,2025-01-15,00:18:44,-08:00,2025-01-15T00:18:44-08:00,0,26
style.css,46,css,c6c60e09,lseseri,2025-01-15,00:18:44,-08:00,2025-01-15T00:18:44-08:00,0,26
style.css,47,css,d0ee1137,lseseri,2025-01-22,23:25:06,-08:00,2025-01-22T23:25:06-08:00,0,44
style.css,48,css,d0ee1137,lseseri,2025-01-22,23:25:06,-08:00,2025-01-22T23:25:06-08:00,0,40
style.css,49,css,c6c60e09,lseseri,2025-01-15,00:18:44,-08:00,2025-01-15T00:18:44-08:00,0,21
style.css,50,css,13f7c76f,lseseri,2025-01-15,14:37:28,-08:00,2025-01-15T14:37:28-08:00,0,17
style.css,51,css,13f7c76f,lseseri,2025-01-15,14:37:28,-08:00,2025-01-15T14:37:28-08:00,0,0
style.css,52,css,13f7c76f,lseseri,2025-01-15,14:37:28,-08:00,2025-01-15T14:37:28-08:00,0,39
style.css,53,css,13f7c76f,lseseri,2025-01-15,14:37:28,-08:00,2025-01-15T14:37:28-08:00,0,13
style.css,54,css,f6021080,lseseri,2025-01-15,15:30:28,-08:00,2025-01-15T15:30:28-08:00,0,17
style.css,55,css,13f7c76f,lseseri,2025-01-15,14:37:28,-08:00,2025-01-15T14:37:28-08:00,0,11
style.css,56,css,f6021080,lseseri,2025-01-15,15:30:28,-08:00,2025-01-15T15:30:28-08:00,0,25
style.css,57,css,f6021080,lseseri,2025-01-15,15:30:28,-08:00,2025-01-15T15:30:28-08:00,0,0
style.css,58,css,f6021080,lseseri,2025-01-15,15:30:28,-08:00,2025-01-15T15:30:28-08:00,0,12
style.css,59,css,f6021080,lseseri,2025-01-15,15:30:28,-08:00,2025-01-15T15:30:28-08:00,0,19
style.css,60,css,f6021080,lseseri,2025-01-15,15:30:28,-08:00,2025-01-15T15:30:28-08:00,0,0
style.css,61,css,f6021080,lseseri,2025-01-15,15:30:28,-08:00,2025-01-15T15:30:28-08:00,0,5
style.css,62,css,f6021080,lseseri,2025-01-15,15:30:28,-08:00,2025-01-15T15:30:28-08:00,0,13
style.css,63,css,f6021080,lseseri,2025-01-15,15:30:28,-08:00,2025-01-15T15:30:28-08:00,0,31
style.css,64,css,f6021080,lseseri,2025-01-15,15:30:28,-08:00,2025-01-15T15:30:28-08:00,0,8
style.css,65,css,13f7c76f,lseseri,2025-01-15,14:37:28,-08:00,2025-01-15T14:37:28-08:00,0,0
style.css,66,css,13f7c76f,lseseri,2025-01-15,14:37:28,-08:00,2025-01-15T14:37:28-08:00,0,11
style.css,67,css,f6021080,lseseri,2025-01-15,15:30:28,-08:00,2025-01-15T15:30:28-08:00,0,13
style.css,68,css,f6021080,lseseri,2025-01-15,15:30:28,-08:00,2025-01-15T15:30:28-08:00,0,30
style.css,69,css,f6021080,lseseri,2025-01-15,15:30:28,-08:00,2025-01-15T15:30:28-08:00,0,19
style.css,70,css,c99872a1,lseseri,2025-01-15,16:44:34,-08:00,2025-01-15T16:44:34-08:00,0,0
style.css,71,css,c99872a1,lseseri,2025-01-15,16:44:34,-08:00,2025-01-15T16:44:34-08:00,0,10
style.css,72,css,c99872a1,lseseri,2025-01-15,16:44:34,-08:00,2025-01-15T16:44:34-08:00,0,13
style.css,73,css,c99872a1,lseseri,2025-01-15,16:44:34,-08:00,2025-01-15T16:44:34-08:00,0,59
style.css,74,css,c99872a1,lseseri,2025-01-15,16:44:34,-08:00,2025-01-15T16:44:34-08:00,0,8
style.css,75,css,c99872a1,lseseri,2025-01-15,16:44:34,-08:00,2025-01-15T16:44:34-08:00,0,0
style.css,76,css,c99872a1,lseseri,2025-01-15,16:44:34,-08:00,2025-01-15T16:44:34-08:00,0,18
style.css,77,css,c99872a1,lseseri,2025-01-15,16:44:34,-08:00,2025-01-15T16:44:34-08:00,0,13
style.css,78,css,c99872a1,lseseri,2025-01-15,16:44:34,-08:00,2025-01-15T16:44:34-08:00,0,27
style.css,79,css,c7b4cdf3,lseseri,2025-01-30,22:15:36,-08:00,2025-01-30T22:15:36-08:00,0,16
style.css,80,css,c99872a1,lseseri,2025-01-15,16:44:34,-08:00,2025-01-15T16:44:34-08:00,0,0
style.css,81,css,c99872a1,lseseri,2025-01-15,16:44:34,-08:00,2025-01-15T16:44:34-08:00,0,13
style.css,82,css,c99872a1,lseseri,2025-01-15,16:44:34,-08:00,2025-01-15T16:44:34-08:00,0,9
style.css,83,css,c99872a1,lseseri,2025-01-15,16:44:34,-08:00,2025-01-15T16:44:34-08:00,0,0
style.css,84,css,c7b4cdf3,lseseri,2025-01-30,22:15:36,-08:00,2025-01-30T22:15:36-08:00,0,21
style.css,85,css,c7b4cdf3,lseseri,2025-01-30,22:15:36,-08:00,2025-01-30T22:15:36-08:00,0,16
style.css,86,css,c7b4cdf3,lseseri,2025-01-30,22:15:36,-08:00,2025-01-30T22:15:36-08:00,0,0
style.css,87,css,c7b4cdf3,lseseri,2025-01-30,22:15:36,-08:00,2025-01-30T22:15:36-08:00,0,32
style.css,88,css,d14ca4ef,lseseri,2025-02-05,23:04:19,-08:00,2025-02-05T23:04:19-08:00,0,24
style.css,89,css,d14ca4ef,lseseri,2025-02-05,23:04:19,-08:00,2025-02-05T23:04:19-08:00,0,35
style.css,90,css,c7b4cdf3,lseseri,2025-01-30,22:15:36,-08:00,2025-01-30T22:15:36-08:00,0,0
style.css,91,css,c7b4cdf3,lseseri,2025-01-30,22:15:36,-08:00,2025-01-30T22:15:36-08:00,0,0
style.css,92,css,c99872a1,lseseri,2025-01-15,16:44:34,-08:00,2025-01-15T16:44:34-08:00,0,23
style.css,93,css,c99872a1,lseseri,2025-01-15,16:44:34,-08:00,2025-01-15T16:44:34-08:00,0,16
style.css,94,css,c99872a1,lseseri,2025-01-15,16:44:34,-08:00,2025-01-15T16:44:34-08:00,0,18
style.css,95,css,c99872a1,lseseri,2025-01-15,16:44:34,-08:00,2025-01-15T16:44:34-08:00,0,0
style.css,96,css,c99872a1,lseseri,2025-01-15,16:44:34,-08:00,2025-01-15T16:44:34-08:00,0,3
style.css,97,css,c99872a1,lseseri,2025-01-15,16:44:34,-08:00,2025-01-15T16:44:34-08:00,0,15
style.css,98,css,c99872a1,lseseri,2025-01-15,16:44:34,-08:00,2025-01-15T16:44:34-08:00,0,0
style.css,99,css,c99872a1,lseseri,2025-01-15,16:44:34,-08:00,2025-01-15T16:44:34-08:00,0,3
style.css,100,css,c99872a1,lseseri,2025-01-15,16:44:34,-08:00,2025-01-15T16:44:34-08:00,0,15
style.css,101,css,c99872a1,lseseri,2025-01-15,16:44:34,-08:00,2025-01-15T16:44:34-08:00,0,0
style.css,102,css,c99872a1,lseseri,2025-01-15,16:44:34,-08:00,2025-01-15T16:44:34-08:00,0,3
style.css,103,css,c99872a1,lseseri,2025-01-15,16:44:34,-08:00,2025-01-15T16:44:34-08:00,0,15
style.css,104,css,c99872a1,lseseri,2025-01-15,16:44:34,-08:00,2025-01-15T16:44:34-08:00,0,0
style.css,105,css,c99872a1,lseseri,2025-01-15,16:44:34,-08:00,2025-01-15T16:44:34-08:00,0,11
style.css,106,css,c99872a1,lseseri,2025-01-15,16:44:34,-08:00,2025-01-15T16:44:34-08:00,0,15
style.css,107,css,c99872a1,lseseri,2025-01-15,16:44:34,-08:00,2025-01-15T16:44:34-08:00,0,0
style.css,108,css,2301ff0e,lseseri,2025-01-15,21:25:44,-08:00,2025-01-15T21:25:44-08:00,0,14
style.css,109,css,2301ff0e,lseseri,2025-01-15,21:25:44,-08:00,2025-01-15T21:25:44-08:00,0,16
style.css,110,css,d0ee1137,lseseri,2025-01-22,23:25:06,-08:00,2025-01-22T23:25:06-08:00,0,22
style.css,111,css,2301ff0e,lseseri,2025-01-15,21:25:44,-08:00,2025-01-15T21:25:44-08:00,0,0
style.css,112,css,2301ff0e,lseseri,2025-01-15,21:25:44,-08:00,2025-01-15T21:25:44-08:00,0,16
style.css,113,css,21c1e4a8,lseseri,2025-01-16,18:49:50,-08:00,2025-01-16T18:49:50-08:00,0,21
style.css,114,css,d0ee1137,lseseri,2025-01-22,23:25:06,-08:00,2025-01-22T23:25:06-08:00,0,22
style.css,115,css,21c1e4a8,lseseri,2025-01-16,18:49:50,-08:00,2025-01-16T18:49:50-08:00,0,0
style.css,116,css,21c1e4a8,lseseri,2025-01-16,18:49:50,-08:00,2025-01-16T18:49:50-08:00,0,22
style.css,117,css,21c1e4a8,lseseri,2025-01-16,18:49:50,-08:00,2025-01-16T18:49:50-08:00,0,26
style.css,118,css,21c1e4a8,lseseri,2025-01-16,18:49:50,-08:00,2025-01-16T18:49:50-08:00,0,0
style.css,119,css,21c1e4a8,lseseri,2025-01-16,18:49:50,-08:00,2025-01-16T18:49:50-08:00,0,7
style.css,120,css,21c1e4a8,lseseri,2025-01-16,18:49:50,-08:00,2025-01-16T18:49:50-08:00,0,16
style.css,121,css,d0ee1137,lseseri,2025-01-22,23:25:06,-08:00,2025-01-22T23:25:06-08:00,0,49
style.css,122,css,21c1e4a8,lseseri,2025-01-16,18:49:50,-08:00,2025-01-16T18:49:50-08:00,0,0
style.css,123,css,21c1e4a8,lseseri,2025-01-16,18:49:50,-08:00,2025-01-16T18:49:50-08:00,0,8
style.css,124,css,21c1e4a8,lseseri,2025-01-16,18:49:50,-08:00,2025-01-16T18:49:50-08:00,0,15
style.css,125,css,d0ee1137,lseseri,2025-01-22,23:25:06,-08:00,2025-01-22T23:25:06-08:00,0,49
style.css,126,css,21c1e4a8,lseseri,2025-01-16,18:49:50,-08:00,2025-01-16T18:49:50-08:00,0,0
style.css,127,css,21c1e4a8,lseseri,2025-01-16,18:49:50,-08:00,2025-01-16T18:49:50-08:00,0,16
style.css,128,css,21c1e4a8,lseseri,2025-01-16,18:49:50,-08:00,2025-01-16T18:49:50-08:00,0,13
style.css,129,css,21c1e4a8,lseseri,2025-01-16,18:49:50,-08:00,2025-01-16T18:49:50-08:00,0,30
style.css,130,css,21c1e4a8,lseseri,2025-01-16,18:49:50,-08:00,2025-01-16T18:49:50-08:00,0,8
style.css,131,css,21c1e4a8,lseseri,2025-01-16,18:49:50,-08:00,2025-01-16T18:49:50-08:00,0,18
style.css,132,css,21c1e4a8,lseseri,2025-01-16,18:49:50,-08:00,2025-01-16T18:49:50-08:00,0,0
style.css,133,css,21c1e4a8,lseseri,2025-01-16,18:49:50,-08:00,2025-01-16T18:49:50-08:00,0,19
style.css,134,css,d0ee1137,lseseri,2025-01-22,23:25:06,-08:00,2025-01-22T23:25:06-08:00,0,24
style.css,135,css,21c1e4a8,lseseri,2025-01-16,18:49:50,-08:00,2025-01-16T18:49:50-08:00,0,17
style.css,136,css,21c1e4a8,lseseri,2025-01-16,18:49:50,-08:00,2025-01-16T18:49:50-08:00,0,0
style.css,137,css,21c1e4a8,lseseri,2025-01-16,18:49:50,-08:00,2025-01-16T18:49:50-08:00,0,19
style.css,138,css,21c1e4a8,lseseri,2025-01-16,18:49:50,-08:00,2025-01-16T18:49:50-08:00,0,21
style.css,139,css,21c1e4a8,lseseri,2025-01-16,18:49:50,-08:00,2025-01-16T18:49:50-08:00,0,13
style.css,140,css,21c1e4a8,lseseri,2025-01-16,18:49:50,-08:00,2025-01-16T18:49:50-08:00,0,22
style.css,141,css,21c1e4a8,lseseri,2025-01-16,18:49:50,-08:00,2025-01-16T18:49:50-08:00,0,10
style.css,142,css,21c1e4a8,lseseri,2025-01-16,18:49:50,-08:00,2025-01-16T18:49:50-08:00,0,0
style.css,143,css,21c1e4a8,lseseri,2025-01-16,18:49:50,-08:00,2025-01-16T18:49:50-08:00,0,26
style.css,144,css,21c1e4a8,lseseri,2025-01-16,18:49:50,-08:00,2025-01-16T18:49:50-08:00,0,18
style.css,145,css,2301ff0e,lseseri,2025-01-15,21:25:44,-08:00,2025-01-15T21:25:44-08:00,0,0
style.css,146,css,d0ee1137,lseseri,2025-01-22,23:25:06,-08:00,2025-01-22T23:25:06-08:00,0,0
style.css,147,css,d0ee1137,lseseri,2025-01-22,23:25:06,-08:00,2025-01-22T23:25:06-08:00,0,14
style.css,148,css,d0ee1137,lseseri,2025-01-22,23:25:06,-08:00,2025-01-22T23:25:06-08:00,0,18
style.css,149,css,d0ee1137,lseseri,2025-01-22,23:25:06,-08:00,2025-01-22T23:25:06-08:00,0,9
style.css,150,css,d0ee1137,lseseri,2025-01-22,23:25:06,-08:00,2025-01-22T23:25:06-08:00,0,13
style.css,151,css,d0ee1137,lseseri,2025-01-22,23:25:06,-08:00,2025-01-22T23:25:06-08:00,0,14
style.css,152,css,d0ee1137,lseseri,2025-01-22,23:25:06,-08:00,2025-01-22T23:25:06-08:00,0,20
style.css,153,css,28e25bfe,lseseri,2025-01-30,18:24:57,-08:00,2025-01-30T18:24:57-08:00,0,0
style.css,154,css,28e25bfe,lseseri,2025-01-30,18:24:57,-08:00,2025-01-30T18:24:57-08:00,0,0
style.css,155,css,28e25bfe,lseseri,2025-01-30,18:24:57,-08:00,2025-01-30T18:24:57-08:00,0,14
style.css,156,css,28e25bfe,lseseri,2025-01-30,18:24:57,-08:00,2025-01-30T18:24:57-08:00,0,13
style.css,157,css,28e25bfe,lseseri,2025-01-30,18:24:57,-08:00,2025-01-30T18:24:57-08:00,0,37
style.css,158,css,28e25bfe,lseseri,2025-01-30,18:24:57,-08:00,2025-01-30T18:24:57-08:00,0,16
style.css,159,css,28e25bfe,lseseri,2025-01-30,18:24:57,-08:00,2025-01-30T18:24:57-08:00,0,0
style.css,160,css,28e25bfe,lseseri,2025-01-30,18:24:57,-08:00,2025-01-30T18:24:57-08:00,0,17
style.css,161,css,28e25bfe,lseseri,2025-01-30,18:24:57,-08:00,2025-01-30T18:24:57-08:00,0,14
style.css,162,css,28e25bfe,lseseri,2025-01-30,18:24:57,-08:00,2025-01-30T18:24:57-08:00,0,11
style.css,163,css,28e25bfe,lseseri,2025-01-30,18:24:57,-08:00,2025-01-30T18:24:57-08:00,0,17
style.css,164,css,28e25bfe,lseseri,2025-01-30,18:24:57,-08:00,2025-01-30T18:24:57-08:00,0,0
style.css,165,css,28e25bfe,lseseri,2025-01-30,18:24:57,-08:00,2025-01-30T18:24:57-08:00,0,17
style.css,166,css,28e25bfe,lseseri,2025-01-30,18:24:57,-08:00,2025-01-30T18:24:57-08:00,0,14
style.css,167,css,28e25bfe,lseseri,2025-01-30,18:24:57,-08:00,2025-01-30T18:24:57-08:00,0,11
style.css,168,css,28e25bfe,lseseri,2025-01-30,18:24:57,-08:00,2025-01-30T18:24:57-08:00,0,17
style.css,169,css,857677d4,lseseri,2025-02-05,23:47:32,-08:00,2025-02-05T23:47:32-08:00,0,0
style.css,170,css,857677d4,lseseri,2025-02-05,23:47:32,-08:00,2025-02-05T23:47:32-08:00,0,0
style.css,171,css,857677d4,lseseri,2025-02-05,23:47:32,-08:00,2025-02-05T23:47:32-08:00,0,19
style.css,172,css,857677d4,lseseri,2025-02-05,23:47:32,-08:00,2025-02-05T23:47:32-08:00,0,15
style.css,173,css,857677d4,lseseri,2025-02-05,23:47:32,-08:00,2025-02-05T23:47:32-08:00,0,17
style.css,174,css,857677d4,lseseri,2025-02-05,23:47:32,-08:00,2025-02-05T23:47:32-08:00,0,0
style.css,175,css,857677d4,lseseri,2025-02-05,23:47:32,-08:00,2025-02-05T23:47:32-08:00,0,17
style.css,176,css,d5cb417a,lseseri,2025-02-06,00:40:27,-08:00,2025-02-06T00:40:27-08:00,0,0
style.css,177,css,d5cb417a,lseseri,2025-02-06,00:40:27,-08:00,2025-02-06T00:40:27-08:00,0,0
style.css,178,css,d5cb417a,lseseri,2025-02-06,00:40:27,-08:00,2025-02-06T00:40:27-08:00,0,8
style.css,179,css,d5cb417a,lseseri,2025-02-06,00:40:27,-08:00,2025-02-06T00:40:27-08:00,0,13
style.css,180,css,d5cb417a,lseseri,2025-02-06,00:40:27,-08:00,2025-02-06T00:40:27-08:00,0,58
style.css,181,css,d5cb417a,lseseri,2025-02-06,00:40:27,-08:00,2025-02-06T00:40:27-08:00,0,8
style.css,182,css,d5cb417a,lseseri,2025-02-06,00:40:27,-08:00,2025-02-06T00:40:27-08:00,0,12
style.css,183,css,d5cb417a,lseseri,2025-02-06,00:40:27,-08:00,2025-02-06T00:40:27-08:00,0,15
style.css,184,css,d5cb417a,lseseri,2025-02-06,00:40:27,-08:00,2025-02-06T00:40:27-08:00,0,44
style.css,185,css,d5cb417a,lseseri,2025-02-06,00:40:27,-08:00,2025-02-06T00:40:27-08:00,0,16
style.css,186,css,d5cb417a,lseseri,2025-02-06,00:40:27,-08:00,2025-02-06T00:40:27-08:00,0,17
style.css,187,css,d5cb417a,lseseri,2025-02-06,00:40:27,-08:00,2025-02-06T00:40:27-08:00,0,7
style.css,188,css,d5cb417a,lseseri,2025-02-06,00:40:27,-08:00,2025-02-06T00:40:27-08:00,0,0
style.css,189,css,d5cb417a,lseseri,2025-02-06,00:40:27,-08:00,2025-02-06T00:40:27-08:00,0,13
style.css,190,css,d5cb417a,lseseri,2025-02-06,00:40:27,-08:00,2025-02-06T00:40:27-08:00,0,13
style.css,191,css,d5cb417a,lseseri,2025-02-06,00:40:27,-08:00,2025-02-06T00:40:27-08:00,0,19
style.css,192,css,d5cb417a,lseseri,2025-02-06,00:40:27,-08:00,2025-02-06T00:40:27-08:00,0,10
style.css,193,css,d5cb417a,lseseri,2025-02-06,00:40:27,-08:00,2025-02-06T00:40:27-08:00,0,0
style.css,194,css,d5cb417a,lseseri,2025-02-06,00:40:27,-08:00,2025-02-06T00:40:27-08:00,0,8
style.css,195,css,d5cb417a,lseseri,2025-02-06,00:40:27,-08:00,2025-02-06T00:40:27-08:00,0,21
style.css,196,css,d5cb417a,lseseri,2025-02-06,00:40:27,-08:00,2025-02-06T00:40:27-08:00,0,10
style.css,197,css,d5cb417a,lseseri,2025-02-06,00:40:27,-08:00,2025-02-06T00:40:27-08:00,0,11
style.css,198,css,d5cb417a,lseseri,2025-02-06,00:40:27,-08:00,2025-02-06T00:40:27-08:00,0,30
style.css,199,css,d5cb417a,lseseri,2025-02-06,00:40:27,-08:00,2025-02-06T00:40:27-08:00,0,18
style.css,200,css,d5cb417a,lseseri,2025-02-06,00:40:27,-08:00,2025-02-06T00:40:27-08:00,0,14
style.css,201,css,d5cb417a,lseseri,2025-02-06,00:40:27,-08:00,2025-02-06T00:40:27-08:00,0,0
style.css,202,css,d5cb417a,lseseri,2025-02-06,00:40:27,-08:00,2025-02-06T00:40:27-08:00,0,11
style.css,203,css,d5cb417a,lseseri,2025-02-06,00:40:27,-08:00,2025-02-06T00:40:27-08:00,0,13
style.css,204,css,d5cb417a,lseseri,2025-02-06,00:40:27,-08:00,2025-02-06T00:40:27-08:00,0,19
style.css,205,css,d5cb417a,lseseri,2025-02-06,00:40:27,-08:00,2025-02-06T00:40:27-08:00,0,8
style.css,206,css,d5cb417a,lseseri,2025-02-06,00:40:27,-08:00,2025-02-06T00:40:27-08:00,0,0
style.css,207,css,319cbe57,lseseri,2025-02-06,19:34:50,-08:00,2025-02-06T19:34:50-08:00,0,0
style.css,208,css,319cbe57,lseseri,2025-02-06,19:34:50,-08:00,2025-02-06T19:34:50-08:00,0,18
style.css,209,css,319cbe57,lseseri,2025-02-06,19:34:50,-08:00,2025-02-06T19:34:50-08:00,0,17
style.css,210,css,319cbe57,lseseri,2025-02-06,19:34:50,-08:00,2025-02-06T19:34:50-08:00,0,12
style.css,211,css,319cbe57,lseseri,2025-02-06,19:34:50,-08:00,2025-02-06T19:34:50-08:00,0,0
style.css,212,css,319cbe57,lseseri,2025-02-06,19:34:50,-08:00,2025-02-06T19:34:50-08:00,0,0
style.css,213,css,319cbe57,lseseri,2025-02-06,19:34:50,-08:00,2025-02-06T19:34:50-08:00,0,5
style.css,214,css,319cbe57,lseseri,2025-02-06,19:34:50,-08:00,2025-02-06T19:34:50-08:00,0,17
style.css,215,css,319cbe57,lseseri,2025-02-06,19:34:50,-08:00,2025-02-06T19:34:50-08:00,0,0
style.css,216,css,319cbe57,lseseri,2025-02-06,19:34:50,-08:00,2025-02-06T19:34:50-08:00,0,10
style.css,217,css,319cbe57,lseseri,2025-02-06,19:34:50,-08:00,2025-02-06T19:34:50-08:00,0,24
style.css,218,css,319cbe57,lseseri,2025-02-06,19:34:50,-08:00,2025-02-06T19:34:50-08:00,0,0
style.css,219,css,319cbe57,lseseri,2025-02-06,19:34:50,-08:00,2025-02-06T19:34:50-08:00,0,11
style.css,220,css,319cbe57,lseseri,2025-02-06,19:34:50,-08:00,2025-02-06T19:34:50-08:00,0,18
style.css,221,css,319cbe57,lseseri,2025-02-06,19:34:50,-08:00,2025-02-06T19:34:50-08:00,0,0
style.css,222,css,319cbe57,lseseri,2025-02-06,19:34:50,-08:00,2025-02-06T19:34:50-08:00,0,0
style.css,223,css,319cbe57,lseseri,2025-02-06,19:34:50,-08:00,2025-02-06T19:34:50-08:00,0,5
style.css,224,css,319cbe57,lseseri,2025-02-06,19:34:50,-08:00,2025-02-06T19:34:50-08:00,0,15
style.css,225,css,43c6bbe6,lseseri,2025-02-12,22:08:05,-08:00,2025-02-12T22:08:05-08:00,0,0
style.css,226,css,43c6bbe6,lseseri,2025-02-12,22:08:05,-08:00,2025-02-12T22:08:05-08:00,0,0
style.css,227,css,43c6bbe6,lseseri,2025-02-12,22:08:05,-08:00,2025-02-12T22:08:05-08:00,0,7
style.css,228,css,43c6bbe6,lseseri,2025-02-12,22:08:05,-08:00,2025-02-12T22:08:05-08:00,0,13
style.css,229,css,43c6bbe6,lseseri,2025-02-12,22:08:05,-08:00,2025-02-12T22:08:05-08:00,0,37
style.css,230,css,43c6bbe6,lseseri,2025-02-12,22:08:05,-08:00,2025-02-12T22:08:05-08:00,0,16
style.css,231,css,43c6bbe6,lseseri,2025-02-12,22:08:05,-08:00,2025-02-12T22:08:05-08:00,0,10
style.css,232,css,43c6bbe6,lseseri,2025-02-12,22:08:05,-08:00,2025-02-12T22:08:05-08:00,0,0
style.css,233,css,43c6bbe6,lseseri,2025-02-12,22:08:05,-08:00,2025-02-12T22:08:05-08:00,0,10
style.css,234,css,43c6bbe6,lseseri,2025-02-12,22:08:05,-08:00,2025-02-12T22:08:05-08:00,0,15
style.css,235,css,43c6bbe6,lseseri,2025-02-12,22:08:05,-08:00,2025-02-12T22:08:05-08:00,0,17
style.css,236,css,43c6bbe6,lseseri,2025-02-12,22:08:05,-08:00,2025-02-12T22:08:05-08:00,0,25
style.css,237,css,43c6bbe6,lseseri,2025-02-12,22:08:05,-08:00,2025-02-12T22:08:05-08:00,0,25
style.css,238,css,43c6bbe6,lseseri,2025-02-12,22:08:05,-08:00,2025-02-12T22:08:05-08:00,0,14
style.css,239,css,43c6bbe6,lseseri,2025-02-12,22:08:05,-08:00,2025-02-12T22:08:05-08:00,0,0
style.css,240,css,43c6bbe6,lseseri,2025-02-12,22:08:05,-08:00,2025-02-12T22:08:05-08:00,0,10
style.css,241,css,43c6bbe6,lseseri,2025-02-12,22:08:05,-08:00,2025-02-12T22:08:05-08:00,0,17
style.css,242,css,43c6bbe6,lseseri,2025-02-12,22:08:05,-08:00,2025-02-12T22:08:05-08:00,0,14
style.css,243,css,43c6bbe6,lseseri,2025-02-12,22:08:05,-08:00,2025-02-12T22:08:05-08:00,0,0
style.css,244,css,d1c98d9c,lseseri,2025-02-12,22:44:24,-08:00,2025-02-12T22:44:24-08:00,0,15
style.css,245,css,d1c98d9c,lseseri,2025-02-12,22:44:24,-08:00,2025-02-12T22:44:24-08:00,0,26
style.css,246,css,d1c98d9c,lseseri,2025-02-12,22:44:24,-08:00,2025-02-12T22:44:24-08:00,0,19
style.css,247,css,d1c98d9c,lseseri,2025-02-12,22:44:24,-08:00,2025-02-12T22:44:24-08:00,0,0
index.js,1,js,28e25bfe,lseseri,2025-01-30,18:24:57,-08:00,2025-01-30T18:24:57-08:00,0,72
index.js,2,js,4d1fa155,lseseri,2025-01-30,11:53:59,-08:00,2025-01-30T11:53:59-08:00,0,17
index.js,3,js,4d1fa155,lseseri,2025-01-30,11:53:59,-08:00,2025-01-30T11:53:59-08:00,0,0
index.js,4,js,4d1fa155,lseseri,2025-01-30,11:53:59,-08:00,2025-01-30T11:53:59-08:00,0,55
index.js,5,js,4d1fa155,lseseri,2025-01-30,11:53:59,-08:00,2025-01-30T11:53:59-08:00,0,43
index.js,6,js,4d1fa155,lseseri,2025-01-30,11:53:59,-08:00,2025-01-30T11:53:59-08:00,0,0
index.js,7,js,4d1fa155,lseseri,2025-01-30,11:53:59,-08:00,2025-01-30T11:53:59-08:00,0,61
index.js,8,js,28e25bfe,lseseri,2025-01-30,18:24:57,-08:00,2025-01-30T18:24:57-08:00,0,55
index.js,9,js,28e25bfe,lseseri,2025-01-30,18:24:57,-08:00,2025-01-30T18:24:57-08:00,0,0
index.js,10,js,28e25bfe,lseseri,2025-01-30,18:24:57,-08:00,2025-01-30T18:24:57-08:00,0,51
index.js,11,js,28e25bfe,lseseri,2025-01-30,18:24:57,-08:00,2025-01-30T18:24:57-08:00,0,0
index.js,12,js,28e25bfe,lseseri,2025-01-30,18:24:57,-08:00,2025-01-30T18:24:57-08:00,0,61
index.js,13,js,28e25bfe,lseseri,2025-01-30,18:24:57,-08:00,2025-01-30T18:24:57-08:00,0,0
index.js,14,js,28e25bfe,lseseri,2025-01-30,18:24:57,-08:00,2025-01-30T18:24:57-08:00,0,18
index.js,15,js,28e25bfe,lseseri,2025-01-30,18:24:57,-08:00,2025-01-30T18:24:57-08:00,0,25
index.js,16,js,28e25bfe,lseseri,2025-01-30,18:24:57,-08:00,2025-01-30T18:24:57-08:00,0,24
index.js,17,js,28e25bfe,lseseri,2025-01-30,18:24:57,-08:00,2025-01-30T18:24:57-08:00,0,57
index.js,18,js,28e25bfe,lseseri,2025-01-30,18:24:57,-08:00,2025-01-30T18:24:57-08:00,0,57
index.js,19,js,28e25bfe,lseseri,2025-01-30,18:24:57,-08:00,2025-01-30T18:24:57-08:00,0,51
index.js,20,js,28e25bfe,lseseri,2025-01-30,18:24:57,-08:00,2025-01-30T18:24:57-08:00,0,51
index.js,21,js,28e25bfe,lseseri,2025-01-30,18:24:57,-08:00,2025-01-30T18:24:57-08:00,0,4
index.js,22,js,28e25bfe,lseseri,2025-01-30,18:24:57,-08:00,2025-01-30T18:24:57-08:00,0,1
index.js,23,js,28e25bfe,lseseri,2025-01-30,18:24:57,-08:00,2025-01-30T18:24:57-08:00,0,0
index.html,1,html,1cbb8a10,lseseri,2025-01-09,14:46:01,-08:00,2025-01-09T14:46:01-08:00,0,14
index.html,2,html,f82531b1,lseseri,2025-01-22,19:47:32,-08:00,2025-01-22T19:47:32-08:00,0,28
index.html,3,html,1cbb8a10,lseseri,2025-01-09,14:46:01,-08:00,2025-01-09T14:46:01-08:00,0,5
index.html,4,html,1cbb8a10,lseseri,2025-01-09,14:46:01,-08:00,2025-01-09T14:46:01-08:00,0,21
index.html,5,html,1cbb8a10,lseseri,2025-01-09,14:46:01,-08:00,2025-01-09T14:46:01-08:00,0,69
index.html,6,html,1cbb8a10,lseseri,2025-01-09,14:46:01,-08:00,2025-01-09T14:46:01-08:00,0,54
index.html,7,html,f278f784,lseseri,2025-01-22,19:07:45,-08:00,2025-01-22T19:07:45-08:00,0,40
index.html,8,html,f278f784,lseseri,2025-01-22,19:07:45,-08:00,2025-01-22T19:07:45-08:00,0,46
index.html,9,html,4d1fa155,lseseri,2025-01-30,11:53:59,-08:00,2025-01-30T11:53:59-08:00,0,51
index.html,10,html,1cbb8a10,lseseri,2025-01-09,14:46:01,-08:00,2025-01-09T14:46:01-08:00,0,6
index.html,11,html,1cbb8a10,lseseri,2025-01-09,14:46:01,-08:00,2025-01-09T14:46:01-08:00,0,5
index.html,12,html,f82531b1,lseseri,2025-01-22,19:47:32,-08:00,2025-01-22T19:47:32-08:00,0,9
index.html,13,html,eab1c6ec,lseseri,2025-01-09,16:39:25,-08:00,2025-01-09T16:39:25-08:00,0,3
index.html,14,html,f278f784,lseseri,2025-01-22,19:07:45,-08:00,2025-01-22T19:07:45-08:00,0,37
index.html,15,html,eab1c6ec,lseseri,2025-01-09,16:39:25,-08:00,2025-01-09T16:39:25-08:00,0,48
index.html,16,html,eab1c6ec,lseseri,2025-01-09,16:39:25,-08:00,2025-01-09T16:39:25-08:00,0,50
index.html,17,html,00b4af84,lseseri,2025-01-09,21:19:59,-08:00,2025-01-09T21:19:59-08:00,0,46
index.html,18,html,eab1c6ec,lseseri,2025-01-09,16:39:25,-08:00,2025-01-09T16:39:25-08:00,0,71
index.html,19,html,eab1c6ec,lseseri,2025-01-09,16:39:25,-08:00,2025-01-09T16:39:25-08:00,0,4
index.html,20,html,f82531b1,lseseri,2025-01-22,19:47:32,-08:00,2025-01-22T19:47:32-08:00,0,9
index.html,21,html,c6c60e09,lseseri,2025-01-15,00:18:44,-08:00,2025-01-15T00:18:44-08:00,0,3
index.html,22,html,c6c60e09,lseseri,2025-01-15,00:18:44,-08:00,2025-01-15T00:18:44-08:00,0,10
index.html,23,html,c6c60e09,lseseri,2025-01-15,00:18:44,-08:00,2025-01-15T00:18:44-08:00,0,4
index.html,24,html,44a5d2f5,lseseri,2025-01-14,17:31:54,-08:00,2025-01-14T17:31:54-08:00,0,123
index.html,25,html,d527302d,lseseri,2025-01-09,21:09:45,-08:00,2025-01-09T21:09:45-08:00,0,2
index.html,26,html,d527302d,lseseri,2025-01-09,21:09:45,-08:00,2025-01-09T21:09:45-08:00,0,133
index.html,27,html,d527302d,lseseri,2025-01-09,21:09:45,-08:00,2025-01-09T21:09:45-08:00,0,3
index.html,28,html,4d1fa155,lseseri,2025-01-30,11:53:59,-08:00,2025-01-30T11:53:59-08:00,0,23
index.html,29,html,4d1fa155,lseseri,2025-01-30,11:53:59,-08:00,2025-01-30T11:53:59-08:00,0,21
index.html,30,html,4d1fa155,lseseri,2025-01-30,11:53:59,-08:00,2025-01-30T11:53:59-08:00,0,50
index.html,31,html,4d1fa155,lseseri,2025-01-30,11:53:59,-08:00,2025-01-30T11:53:59-08:00,0,5
index.html,32,html,28e25bfe,lseseri,2025-01-30,18:24:57,-08:00,2025-01-30T18:24:57-08:00,0,23
index.html,33,html,28e25bfe,lseseri,2025-01-30,18:24:57,-08:00,2025-01-30T18:24:57-08:00,0,23
index.html,34,html,28e25bfe,lseseri,2025-01-30,18:24:57,-08:00,2025-01-30T18:24:57-08:00,0,0
index.html,35,html,28e25bfe,lseseri,2025-01-30,18:24:57,-08:00,2025-01-30T18:24:57-08:00,0,5
index.html,36,html,1cbb8a10,lseseri,2025-01-09,14:46:01,-08:00,2025-01-09T14:46:01-08:00,0,6
index.html,37,html,1cbb8a10,lseseri,2025-01-09,14:46:01,-08:00,2025-01-09T14:46:01-08:00,0,6
global.js,1,js,f278f784,lseseri,2025-01-22,19:07:45,-08:00,2025-01-22T19:07:45-08:00,0,26
global.js,2,js,f278f784,lseseri,2025-01-22,19:07:45,-08:00,2025-01-22T19:07:45-08:00,0,0
global.js,3,js,f278f784,lseseri,2025-01-22,19:07:45,-08:00,2025-01-22T19:07:45-08:00,0,42
global.js,4,js,f278f784,lseseri,2025-01-22,19:07:45,-08:00,2025-01-22T19:07:45-08:00,0,53
global.js,5,js,f278f784,lseseri,2025-01-22,19:07:45,-08:00,2025-01-22T19:07:45-08:00,0,0
global.js,6,js,f278f784,lseseri,2025-01-22,19:07:45,-08:00,2025-01-22T19:07:45-08:00,0,0
global.js,7,js,f82531b1,lseseri,2025-01-22,19:47:32,-08:00,2025-01-22T19:47:32-08:00,0,12
global.js,8,js,f82531b1,lseseri,2025-01-22,19:47:32,-08:00,2025-01-22T19:47:32-08:00,0,26
global.js,9,js,f82531b1,lseseri,2025-01-22,19:47:32,-08:00,2025-01-22T19:47:32-08:00,0,39
global.js,10,js,f82531b1,lseseri,2025-01-22,19:47:32,-08:00,2025-01-22T19:47:32-08:00,0,37
global.js,11,js,f82531b1,lseseri,2025-01-22,19:47:32,-08:00,2025-01-22T19:47:32-08:00,0,34
global.js,12,js,c211c882,lseseri,2025-02-11,18:26:08,-08:00,2025-02-11T18:26:08-08:00,0,30
global.js,13,js,f82531b1,lseseri,2025-01-22,19:47:32,-08:00,2025-01-22T19:47:32-08:00,0,53
global.js,14,js,f82531b1,lseseri,2025-01-22,19:47:32,-08:00,2025-01-22T19:47:32-08:00,0,1
global.js,15,js,f278f784,lseseri,2025-01-22,19:07:45,-08:00,2025-01-22T19:07:45-08:00,0,0
global.js,16,js,f82531b1,lseseri,2025-01-22,19:47:32,-08:00,2025-01-22T19:47:32-08:00,0,71
global.js,17,js,f278f784,lseseri,2025-01-22,19:07:45,-08:00,2025-01-22T19:07:45-08:00,0,0
global.js,18,js,f82531b1,lseseri,2025-01-22,19:47:32,-08:00,2025-01-22T19:47:32-08:00,0,39
global.js,19,js,f82531b1,lseseri,2025-01-22,19:47:32,-08:00,2025-01-22T19:47:32-08:00,0,26
global.js,20,js,f278f784,lseseri,2025-01-22,19:07:45,-08:00,2025-01-22T19:07:45-08:00,0,0
global.js,21,js,f82531b1,lseseri,2025-01-22,19:47:32,-08:00,2025-01-22T19:47:32-08:00,0,21
global.js,22,js,f82531b1,lseseri,2025-01-22,19:47:32,-08:00,2025-01-22T19:47:32-08:00,0,15
global.js,23,js,f82531b1,lseseri,2025-01-22,19:47:32,-08:00,2025-01-22T19:47:32-08:00,0,19
global.js,24,js,f82531b1,lseseri,2025-01-22,19:47:32,-08:00,2025-01-22T19:47:32-08:00,0,0
global.js,25,js,f82531b1,lseseri,2025-01-22,19:47:32,-08:00,2025-01-22T19:47:32-08:00,0,45
global.js,26,js,f82531b1,lseseri,2025-01-22,19:47:32,-08:00,2025-01-22T19:47:32-08:00,0,17
global.js,27,js,f82531b1,lseseri,2025-01-22,19:47:32,-08:00,2025-01-22T19:47:32-08:00,0,0
global.js,28,js,f82531b1,lseseri,2025-01-22,19:47:32,-08:00,2025-01-22T19:47:32-08:00,0,43
global.js,29,js,f82531b1,lseseri,2025-01-22,19:47:32,-08:00,2025-01-22T19:47:32-08:00,0,68
global.js,30,js,f82531b1,lseseri,2025-01-22,19:47:32,-08:00,2025-01-22T19:47:32-08:00,0,0
global.js,31,js,f82531b1,lseseri,2025-01-22,19:47:32,-08:00,2025-01-22T19:47:32-08:00,0,35
global.js,32,js,f82531b1,lseseri,2025-01-22,19:47:32,-08:00,2025-01-22T19:47:32-08:00,0,12
global.js,33,js,f82531b1,lseseri,2025-01-22,19:47:32,-08:00,2025-01-22T19:47:32-08:00,0,21
global.js,34,js,f82531b1,lseseri,2025-01-22,19:47:32,-08:00,2025-01-22T19:47:32-08:00,0,0
global.js,35,js,f82531b1,lseseri,2025-01-22,19:47:32,-08:00,2025-01-22T19:47:32-08:00,0,66
global.js,36,js,f82531b1,lseseri,2025-01-22,19:47:32,-08:00,2025-01-22T19:47:32-08:00,0,26
global.js,37,js,f82531b1,lseseri,2025-01-22,19:47:32,-08:00,2025-01-22T19:47:32-08:00,0,0
global.js,38,js,f82531b1,lseseri,2025-01-22,19:47:32,-08:00,2025-01-22T19:47:32-08:00,0,24
global.js,39,js,f82531b1,lseseri,2025-01-22,19:47:32,-08:00,2025-01-22T19:47:32-08:00,0,21
global.js,40,js,f82531b1,lseseri,2025-01-22,19:47:32,-08:00,2025-01-22T19:47:32-08:00,0,14
global.js,41,js,f82531b1,lseseri,2025-01-22,19:47:32,-08:00,2025-01-22T19:47:32-08:00,0,64
global.js,42,js,f82531b1,lseseri,2025-01-22,19:47:32,-08:00,2025-01-22T19:47:32-08:00,0,4
global.js,43,js,f82531b1,lseseri,2025-01-22,19:47:32,-08:00,2025-01-22T19:47:32-08:00,0,0
global.js,44,js,f82531b1,lseseri,2025-01-22,19:47:32,-08:00,2025-01-22T19:47:32-08:00,0,30
global.js,45,js,f82531b1,lseseri,2025-01-22,19:47:32,-08:00,2025-01-22T19:47:32-08:00,0,19
global.js,46,js,f82531b1,lseseri,2025-01-22,19:47:32,-08:00,2025-01-22T19:47:32-08:00,0,0
global.js,47,js,f82531b1,lseseri,2025-01-22,19:47:32,-08:00,2025-01-22T19:47:32-08:00,0,0
global.js,48,js,f82531b1,lseseri,2025-01-22,19:47:32,-08:00,2025-01-22T19:47:32-08:00,0,13
global.js,49,js,f278f784,lseseri,2025-01-22,19:07:45,-08:00,2025-01-22T19:07:45-08:00,0,0
global.js,50,js,f82531b1,lseseri,2025-01-22,19:47:32,-08:00,2025-01-22T19:47:32-08:00,0,0
global.js,51,js,d0ee1137,lseseri,2025-01-22,23:25:06,-08:00,2025-01-22T23:25:06-08:00,0,32
global.js,52,js,d0ee1137,lseseri,2025-01-22,23:25:06,-08:00,2025-01-22T23:25:06-08:00,0,12
global.js,53,js,d0ee1137,lseseri,2025-01-22,23:25:06,-08:00,2025-01-22T23:25:06-08:00,0,0
global.js,54,js,d0ee1137,lseseri,2025-01-22,23:25:06,-08:00,2025-01-22T23:25:06-08:00,1,27
global.js,55,js,d0ee1137,lseseri,2025-01-22,23:25:06,-08:00,2025-01-22T23:25:06-08:00,2,5
global.js,56,js,d0ee1137,lseseri,2025-01-22,23:25:06,-08:00,2025-01-22T23:25:06-08:00,2,7
global.js,57,js,d0ee1137,lseseri,2025-01-22,23:25:06,-08:00,2025-01-22T23:25:06-08:00,0,44
global.js,58,js,d0ee1137,lseseri,2025-01-22,23:25:06,-08:00,2025-01-22T23:25:06-08:00,0,35
global.js,59,js,d0ee1137,lseseri,2025-01-22,23:25:06,-08:00,2025-01-22T23:25:06-08:00,0,33
global.js,60,js,d0ee1137,lseseri,2025-01-22,23:25:06,-08:00,2025-01-22T23:25:06-08:00,2,8
global.js,61,js,d0ee1137,lseseri,2025-01-22,23:25:06,-08:00,2025-01-22T23:25:06-08:00,1,8
global.js,62,js,d0ee1137,lseseri,2025-01-22,23:25:06,-08:00,2025-01-22T23:25:06-08:00,0,1
global.js,63,js,d0ee1137,lseseri,2025-01-22,23:25:06,-08:00,2025-01-22T23:25:06-08:00,0,0
global.js,64,js,d0ee1137,lseseri,2025-01-22,23:25:06,-08:00,2025-01-22T23:25:06-08:00,0,59
global.js,65,js,d0ee1137,lseseri,2025-01-22,23:25:06,-08:00,2025-01-22T23:25:06-08:00,0,0
global.js,66,js,d0ee1137,lseseri,2025-01-22,23:25:06,-08:00,2025-01-22T23:25:06-08:00,0,37
global.js,67,js,d0ee1137,lseseri,2025-01-22,23:25:06,-08:00,2025-01-22T23:25:06-08:00,0,71
global.js,68,js,d0ee1137,lseseri,2025-01-22,23:25:06,-08:00,2025-01-22T23:25:06-08:00,0,38
global.js,69,js,d0ee1137,lseseri,2025-01-22,23:25:06,-08:00,2025-01-22T23:25:06-08:00,0,26
global.js,70,js,d0ee1137,lseseri,2025-01-22,23:25:06,-08:00,2025-01-22T23:25:06-08:00,0,0
global.js,71,js,d0ee1137,lseseri,2025-01-22,23:25:06,-08:00,2025-01-22T23:25:06-08:00,0,0
global.js,72,js,d0ee1137,lseseri,2025-01-22,23:25:06,-08:00,2025-01-22T23:25:06-08:00,0,30
global.js,73,js,d0ee1137,lseseri,2025-01-22,23:25:06,-08:00,2025-01-22T23:25:06-08:00,0,40
global.js,74,js,d0ee1137,lseseri,2025-01-22,23:25:06,-08:00,2025-01-22T23:25:06-08:00,0,7
global.js,75,js,d0ee1137,lseseri,2025-01-22,23:25:06,-08:00,2025-01-22T23:25:06-08:00,0,28
global.js,76,js,d0ee1137,lseseri,2025-01-22,23:25:06,-08:00,2025-01-22T23:25:06-08:00,0,0
global.js,77,js,d0ee1137,lseseri,2025-01-22,23:25:06,-08:00,2025-01-22T23:25:06-08:00,0,50
global.js,78,js,d0ee1137,lseseri,2025-01-22,23:25:06,-08:00,2025-01-22T23:25:06-08:00,0,41
global.js,79,js,d0ee1137,lseseri,2025-01-22,23:25:06,-08:00,2025-01-22T23:25:06-08:00,0,54
global.js,80,js,d0ee1137,lseseri,2025-01-22,23:25:06,-08:00,2025-01-22T23:25:06-08:00,0,30
global.js,81,js,d0ee1137,lseseri,2025-01-22,23:25:06,-08:00,2025-01-22T23:25:06-08:00,0,2
global.js,82,js,d0ee1137,lseseri,2025-01-22,23:25:06,-08:00,2025-01-22T23:25:06-08:00,0,0
global.js,83,js,65a8e2e5,lseseri,2025-01-23,15:26:12,-08:00,2025-01-23T15:26:12-08:00,0,41
global.js,84,js,65a8e2e5,lseseri,2025-01-23,15:26:12,-08:00,2025-01-23T15:26:12-08:00,0,0
global.js,85,js,65a8e2e5,lseseri,2025-01-23,15:26:12,-08:00,2025-01-23T15:26:12-08:00,0,50
global.js,86,js,65a8e2e5,lseseri,2025-01-23,15:26:12,-08:00,2025-01-23T15:26:12-08:00,0,22
global.js,87,js,65a8e2e5,lseseri,2025-01-23,15:26:12,-08:00,2025-01-23T15:26:12-08:00,0,0
global.js,88,js,65a8e2e5,lseseri,2025-01-23,15:26:12,-08:00,2025-01-23T15:26:12-08:00,0,29
global.js,89,js,65a8e2e5,lseseri,2025-01-23,15:26:12,-08:00,2025-01-23T15:26:12-08:00,0,0
global.js,90,js,65a8e2e5,lseseri,2025-01-23,15:26:12,-08:00,2025-01-23T15:26:12-08:00,0,21
global.js,91,js,65a8e2e5,lseseri,2025-01-23,15:26:12,-08:00,2025-01-23T15:26:12-08:00,0,10
global.js,92,js,65a8e2e5,lseseri,2025-01-23,15:26:12,-08:00,2025-01-23T15:26:12-08:00,0,0
global.js,93,js,65a8e2e5,lseseri,2025-01-23,15:26:12,-08:00,2025-01-23T15:26:12-08:00,0,15
global.js,94,js,65a8e2e5,lseseri,2025-01-23,15:26:12,-08:00,2025-01-23T15:26:12-08:00,0,0
global.js,95,js,65a8e2e5,lseseri,2025-01-23,15:26:12,-08:00,2025-01-23T15:26:12-08:00,0,32
global.js,96,js,65a8e2e5,lseseri,2025-01-23,15:26:12,-08:00,2025-01-23T15:26:12-08:00,0,71
global.js,97,js,65a8e2e5,lseseri,2025-01-23,15:26:12,-08:00,2025-01-23T15:26:12-08:00,0,0
global.js,98,js,65a8e2e5,lseseri,2025-01-23,15:26:12,-08:00,2025-01-23T15:26:12-08:00,0,0
global.js,99,js,65a8e2e5,lseseri,2025-01-23,15:26:12,-08:00,2025-01-23T15:26:12-08:00,0,23
global.js,100,js,65a8e2e5,lseseri,2025-01-23,15:26:12,-08:00,2025-01-23T15:26:12-08:00,0,16
global.js,101,js,65a8e2e5,lseseri,2025-01-23,15:26:12,-08:00,2025-01-23T15:26:12-08:00,0,19
global.js,102,js,01d9e8f6,lseseri,2025-01-30,11:39:08,-08:00,2025-01-30T11:39:08-08:00,0,1
global.js,103,js,01d9e8f6,lseseri,2025-01-30,11:39:08,-08:00,2025-01-30T11:39:08-08:00,0,0
global.js,104,js,01d9e8f6,lseseri,2025-01-30,11:39:08,-08:00,2025-01-30T11:39:08-08:00,0,37
global.js,105,js,01d9e8f6,lseseri,2025-01-30,11:39:08,-08:00,2025-01-30T11:39:08-08:00,0,4
global.js,106,js,01d9e8f6,lseseri,2025-01-30,11:39:08,-08:00,2025-01-30T11:39:08-08:00,0,40
global.js,107,js,01d9e8f6,lseseri,2025-01-30,11:39:08,-08:00,2025-01-30T11:39:08-08:00,0,33
global.js,108,js,01d9e8f6,lseseri,2025-01-30,11:39:08,-08:00,2025-01-30T11:39:08-08:00,0,0
global.js,109,js,01d9e8f6,lseseri,2025-01-30,11:39:08,-08:00,2025-01-30T11:39:08-08:00,0,18
global.js,110,js,01d9e8f6,lseseri,2025-01-30,11:39:08,-08:00,2025-01-30T11:39:08-08:00,0,67
global.js,111,js,01d9e8f6,lseseri,2025-01-30,11:39:08,-08:00,2025-01-30T11:39:08-08:00,0,0
global.js,112,js,01d9e8f6,lseseri,2025-01-30,11:39:08,-08:00,2025-01-30T11:39:08-08:00,0,0
global.js,113,js,01d9e8f6,lseseri,2025-01-30,11:39:08,-08:00,2025-01-30T11:39:08-08:00,0,34
global.js,114,js,01d9e8f6,lseseri,2025-01-30,11:39:08,-08:00,2025-01-30T11:39:08-08:00,0,11
global.js,115,js,01d9e8f6,lseseri,2025-01-30,11:39:08,-08:00,2025-01-30T11:39:08-08:00,0,0
global.js,116,js,01d9e8f6,lseseri,2025-01-30,11:39:08,-08:00,2025-01-30T11:39:08-08:00,0,16
global.js,117,js,01d9e8f6,lseseri,2025-01-30,11:39:08,-08:00,2025-01-30T11:39:08-08:00,0,60
global.js,118,js,01d9e8f6,lseseri,2025-01-30,11:39:08,-08:00,2025-01-30T11:39:08-08:00,0,0
global.js,119,js,01d9e8f6,lseseri,2025-01-30,11:39:08,-08:00,2025-01-30T11:39:08-08:00,0,0
global.js,120,js,01d9e8f6,lseseri,2025-01-30,11:39:08,-08:00,2025-01-30T11:39:08-08:00,0,0
global.js,121,js,01d9e8f6,lseseri,2025-01-30,11:39:08,-08:00,2025-01-30T11:39:08-08:00,0,79
global.js,122,js,01d9e8f6,lseseri,2025-01-30,11:39:08,-08:00,2025-01-30T11:39:08-08:00,0,24
global.js,123,js,01d9e8f6,lseseri,2025-01-30,11:39:08,-08:00,2025-01-30T11:39:08-08:00,0,31
global.js,124,js,01d9e8f6,lseseri,2025-01-30,11:39:08,-08:00,2025-01-30T11:39:08-08:00,0,0
global.js,125,js,01d9e8f6,lseseri,2025-01-30,11:39:08,-08:00,2025-01-30T11:39:08-08:00,0,69
global.js,126,js,01d9e8f6,lseseri,2025-01-30,11:39:08,-08:00,2025-01-30T11:39:08-08:00,0,25
global.js,127,js,01d9e8f6,lseseri,2025-01-30,11:39:08,-08:00,2025-01-30T11:39:08-08:00,0,48
global.js,128,js,01d9e8f6,lseseri,2025-01-30,11:39:08,-08:00,2025-01-30T11:39:08-08:00,0,0
global.js,129,js,01d9e8f6,lseseri,2025-01-30,11:39:08,-08:00,2025-01-30T11:39:08-08:00,0,0
global.js,130,js,01d9e8f6,lseseri,2025-01-30,11:39:08,-08:00,2025-01-30T11:39:08-08:00,0,27
global.js,131,js,01d9e8f6,lseseri,2025-01-30,11:39:08,-08:00,2025-01-30T11:39:08-08:00,0,0
global.js,132,js,01d9e8f6,lseseri,2025-01-30,11:39:08,-08:00,2025-01-30T11:39:08-08:00,0,49
global.js,133,js,01d9e8f6,lseseri,2025-01-30,11:39:08,-08:00,2025-01-30T11:39:08-08:00,0,0
global.js,134,js,01d9e8f6,lseseri,2025-01-30,11:39:08,-08:00,2025-01-30T11:39:08-08:00,0,40
global.js,135,js,01d9e8f6,lseseri,2025-01-30,11:39:08,-08:00,2025-01-30T11:39:08-08:00,0,52
global.js,136,js,01d9e8f6,lseseri,2025-01-30,11:39:08,-08:00,2025-01-30T11:39:08-08:00,0,35
global.js,137,js,01d9e8f6,lseseri,2025-01-30,11:39:08,-08:00,2025-01-30T11:39:08-08:00,0,0
global.js,138,js,01d9e8f6,lseseri,2025-01-30,11:39:08,-08:00,2025-01-30T11:39:08-08:00,0,20
global.js,139,js,01d9e8f6,lseseri,2025-01-30,11:39:08,-08:00,2025-01-30T11:39:08-08:00,0,24
global.js,140,js,01d9e8f6,lseseri,2025-01-30,11:39:08,-08:00,2025-01-30T11:39:08-08:00,0,50
global.js,141,js,d14ca4ef,lseseri,2025-02-05,23:04:19,-08:00,2025-02-05T23:04:19-08:00,0,28
global.js,142,js,d14ca4ef,lseseri,2025-02-05,23:04:19,-08:00,2025-02-05T23:04:19-08:00,0,28
global.js,143,js,d14ca4ef,lseseri,2025-02-05,23:04:19,-08:00,2025-02-05T23:04:19-08:00,0,45
global.js,144,js,d14ca4ef,lseseri,2025-02-05,23:04:19,-08:00,2025-02-05T23:04:19-08:00,0,5
global.js,145,js,01d9e8f6,lseseri,2025-01-30,11:39:08,-08:00,2025-01-30T11:39:08-08:00,0,1
global.js,146,js,01d9e8f6,lseseri,2025-01-30,11:39:08,-08:00,2025-01-30T11:39:08-08:00,0,0
global.js,147,js,01d9e8f6,lseseri,2025-01-30,11:39:08,-08:00,2025-01-30T11:39:08-08:00,0,37
global.js,148,js,01d9e8f6,lseseri,2025-01-30,11:39:08,-08:00,2025-01-30T11:39:08-08:00,0,2
global.js,149,js,28e25bfe,lseseri,2025-01-30,18:24:57,-08:00,2025-01-30T18:24:57-08:00,0,0
global.js,150,js,28e25bfe,lseseri,2025-01-30,18:24:57,-08:00,2025-01-30T18:24:57-08:00,0,0
global.js,151,js,28e25bfe,lseseri,2025-01-30,18:24:57,-08:00,2025-01-30T18:24:57-08:00,0,48
global.js,152,js,28e25bfe,lseseri,2025-01-30,18:24:57,-08:00,2025-01-30T18:24:57-08:00,0,23
global.js,153,js,28e25bfe,lseseri,2025-01-30,18:24:57,-08:00,2025-01-30T18:24:57-08:00,0,60
global.js,154,js,01d9e8f6,lseseri,2025-01-30,11:39:08,-08:00,2025-01-30T11:39:08-08:00,0,0
resume\index.html,1,html,d7ab6abf,lseseri,2025-01-09,17:39:23,-08:00,2025-01-09T17:39:23-08:00,0,14
resume\index.html,2,html,d7ab6abf,lseseri,2025-01-09,17:39:23,-08:00,2025-01-09T17:39:23-08:00,0,15
resume\index.html,3,html,d7ab6abf,lseseri,2025-01-09,17:39:23,-08:00,2025-01-09T17:39:23-08:00,0,5
resume\index.html,4,html,d7ab6abf,lseseri,2025-01-09,17:39:23,-08:00,2025-01-09T17:39:23-08:00,0,21
resume\index.html,5,html,d7ab6abf,lseseri,2025-01-09,17:39:23,-08:00,2025-01-09T17:39:23-08:00,0,69
resume\index.html,6,html,d7ab6abf,lseseri,2025-01-09,17:39:23,-08:00,2025-01-09T17:39:23-08:00,0,20
resume\index.html,7,html,f278f784,lseseri,2025-01-22,19:07:45,-08:00,2025-01-22T19:07:45-08:00,0,43
resume\index.html,8,html,f278f784,lseseri,2025-01-22,19:07:45,-08:00,2025-01-22T19:07:45-08:00,0,49
resume\index.html,9,html,d7ab6abf,lseseri,2025-01-09,17:39:23,-08:00,2025-01-09T17:39:23-08:00,0,6
resume\index.html,10,html,d7ab6abf,lseseri,2025-01-09,17:39:23,-08:00,2025-01-09T17:39:23-08:00,0,5
resume\index.html,11,html,7afe16cf,lseseri,2025-01-09,21:05:54,-08:00,2025-01-09T21:05:54-08:00,0,7
resume\index.html,12,html,f82531b1,lseseri,2025-01-22,19:47:32,-08:00,2025-01-22T19:47:32-08:00,0,9
resume\index.html,13,html,d527302d,lseseri,2025-01-09,21:09:45,-08:00,2025-01-09T21:09:45-08:00,0,3
resume\index.html,14,html,d527302d,lseseri,2025-01-09,21:09:45,-08:00,2025-01-09T21:09:45-08:00,0,40
resume\index.html,15,html,d527302d,lseseri,2025-01-09,21:09:45,-08:00,2025-01-09T21:09:45-08:00,0,51
resume\index.html,16,html,d527302d,lseseri,2025-01-09,21:09:45,-08:00,2025-01-09T21:09:45-08:00,0,53
resume\index.html,17,html,f278f784,lseseri,2025-01-22,19:07:45,-08:00,2025-01-22T19:07:45-08:00,0,39
resume\index.html,18,html,d527302d,lseseri,2025-01-09,21:09:45,-08:00,2025-01-09T21:09:45-08:00,0,71
resume\index.html,19,html,d527302d,lseseri,2025-01-09,21:09:45,-08:00,2025-01-09T21:09:45-08:00,0,4
resume\index.html,20,html,f82531b1,lseseri,2025-01-22,19:47:32,-08:00,2025-01-22T19:47:32-08:00,0,9
resume\index.html,21,html,13f7c76f,lseseri,2025-01-15,14:37:28,-08:00,2025-01-15T14:37:28-08:00,0,3
resume\index.html,22,html,13f7c76f,lseseri,2025-01-15,14:37:28,-08:00,2025-01-15T14:37:28-08:00,0,5
resume\index.html,23,html,13f7c76f,lseseri,2025-01-15,14:37:28,-08:00,2025-01-15T14:37:28-08:00,0,4
resume\index.html,24,html,7afe16cf,lseseri,2025-01-09,21:05:54,-08:00,2025-01-09T21:05:54-08:00,0,23
resume\index.html,25,html,21c1e4a8,lseseri,2025-01-16,18:49:50,-08:00,2025-01-16T18:49:50-08:00,0,12
resume\index.html,26,html,2301ff0e,lseseri,2025-01-15,21:25:44,-08:00,2025-01-15T21:25:44-08:00,0,60
resume\index.html,27,html,7afe16cf,lseseri,2025-01-09,21:05:54,-08:00,2025-01-09T21:05:54-08:00,0,47
resume\index.html,28,html,7afe16cf,lseseri,2025-01-09,21:05:54,-08:00,2025-01-09T21:05:54-08:00,0,3
resume\index.html,29,html,7afe16cf,lseseri,2025-01-09,21:05:54,-08:00,2025-01-09T21:05:54-08:00,0,8
resume\index.html,30,html,7afe16cf,lseseri,2025-01-09,21:05:54,-08:00,2025-01-09T21:05:54-08:00,0,0
resume\index.html,31,html,21c1e4a8,lseseri,2025-01-16,18:49:50,-08:00,2025-01-16T18:49:50-08:00,0,5
resume\index.html,32,html,21c1e4a8,lseseri,2025-01-16,18:49:50,-08:00,2025-01-16T18:49:50-08:00,0,17
resume\index.html,33,html,21c1e4a8,lseseri,2025-01-16,18:49:50,-08:00,2025-01-16T18:49:50-08:00,0,44
resume\index.html,34,html,21c1e4a8,lseseri,2025-01-16,18:49:50,-08:00,2025-01-16T18:49:50-08:00,0,27
resume\index.html,35,html,21c1e4a8,lseseri,2025-01-16,18:49:50,-08:00,2025-01-16T18:49:50-08:00,0,17
resume\index.html,36,html,21c1e4a8,lseseri,2025-01-16,18:49:50,-08:00,2025-01-16T18:49:50-08:00,0,3
resume\index.html,37,html,21c1e4a8,lseseri,2025-01-16,18:49:50,-08:00,2025-01-16T18:49:50-08:00,0,3
resume\index.html,38,html,21c1e4a8,lseseri,2025-01-16,18:49:50,-08:00,2025-01-16T18:49:50-08:00,0,2
resume\index.html,39,html,21c1e4a8,lseseri,2025-01-16,18:49:50,-08:00,2025-01-16T18:49:50-08:00,0,239
resume\index.html,40,html,21c1e4a8,lseseri,2025-01-16,18:49:50,-08:00,2025-01-16T18:49:50-08:00,0,3
resume\index.html,41,html,21c1e4a8,lseseri,2025-01-16,18:49:50,-08:00,2025-01-16T18:49:50-08:00,0,4
resume\index.html,42,html,21c1e4a8,lseseri,2025-01-16,18:49:50,-08:00,2025-01-16T18:49:50-08:00,0,4
resume\index.html,43,html,21c1e4a8,lseseri,2025-01-16,18:49:50,-08:00,2025-01-16T18:49:50-08:00,0,5
resume\index.html,44,html,21c1e4a8,lseseri,2025-01-16,18:49:50,-08:00,2025-01-16T18:49:50-08:00,0,9
resume\index.html,45,html,21c1e4a8,lseseri,2025-01-16,18:49:50,-08:00,2025-01-16T18:49:50-08:00,0,14
resume\index.html,46,html,21c1e4a8,lseseri,2025-01-16,18:49:50,-08:00,2025-01-16T18:49:50-08:00,0,41
resume\index.html,47,html,21c1e4a8,lseseri,2025-01-16,18:49:50,-08:00,2025-01-16T18:49:50-08:00,0,27
resume\index.html,48,html,21c1e4a8,lseseri,2025-01-16,18:49:50,-08:00,2025-01-16T18:49:50-08:00,0,14
resume\index.html,49,html,21c1e4a8,lseseri,2025-01-16,18:49:50,-08:00,2025-01-16T18:49:50-08:00,0,3
resume\index.html,50,html,21c1e4a8,lseseri,2025-01-16,18:49:50,-08:00,2025-01-16T18:49:50-08:00,0,35
resume\index.html,51,html,21c1e4a8,lseseri,2025-01-16,18:49:50,-08:00,2025-01-16T18:49:50-08:00,0,39
resume\index.html,52,html,21c1e4a8,lseseri,2025-01-16,18:49:50,-08:00,2025-01-16T18:49:50-08:00,0,56
resume\index.html,53,html,21c1e4a8,lseseri,2025-01-16,18:49:50,-08:00,2025-01-16T18:49:50-08:00,0,35
resume\index.html,54,html,21c1e4a8,lseseri,2025-01-16,18:49:50,-08:00,2025-01-16T18:49:50-08:00,0,37
resume\index.html,55,html,21c1e4a8,lseseri,2025-01-16,18:49:50,-08:00,2025-01-16T18:49:50-08:00,0,66
resume\index.html,56,html,21c1e4a8,lseseri,2025-01-16,18:49:50,-08:00,2025-01-16T18:49:50-08:00,0,4
resume\index.html,57,html,21c1e4a8,lseseri,2025-01-16,18:49:50,-08:00,2025-01-16T18:49:50-08:00,0,5
resume\index.html,58,html,21c1e4a8,lseseri,2025-01-16,18:49:50,-08:00,2025-01-16T18:49:50-08:00,0,9
resume\index.html,59,html,21c1e4a8,lseseri,2025-01-16,18:49:50,-08:00,2025-01-16T18:49:50-08:00,0,17
resume\index.html,60,html,21c1e4a8,lseseri,2025-01-16,18:49:50,-08:00,2025-01-16T18:49:50-08:00,0,44
resume\index.html,61,html,21c1e4a8,lseseri,2025-01-16,18:49:50,-08:00,2025-01-16T18:49:50-08:00,0,27
resume\index.html,62,html,21c1e4a8,lseseri,2025-01-16,18:49:50,-08:00,2025-01-16T18:49:50-08:00,0,17
resume\index.html,63,html,21c1e4a8,lseseri,2025-01-16,18:49:50,-08:00,2025-01-16T18:49:50-08:00,0,21
resume\index.html,64,html,21c1e4a8,lseseri,2025-01-16,18:49:50,-08:00,2025-01-16T18:49:50-08:00,0,3
resume\index.html,65,html,21c1e4a8,lseseri,2025-01-16,18:49:50,-08:00,2025-01-16T18:49:50-08:00,0,3
resume\index.html,66,html,21c1e4a8,lseseri,2025-01-16,18:49:50,-08:00,2025-01-16T18:49:50-08:00,0,23
resume\index.html,67,html,21c1e4a8,lseseri,2025-01-16,18:49:50,-08:00,2025-01-16T18:49:50-08:00,0,55
resume\index.html,68,html,21c1e4a8,lseseri,2025-01-16,18:49:50,-08:00,2025-01-16T18:49:50-08:00,0,94
resume\index.html,69,html,21c1e4a8,lseseri,2025-01-16,18:49:50,-08:00,2025-01-16T18:49:50-08:00,0,9
resume\index.html,70,html,21c1e4a8,lseseri,2025-01-16,18:49:50,-08:00,2025-01-16T18:49:50-08:00,0,4
resume\index.html,71,html,21c1e4a8,lseseri,2025-01-16,18:49:50,-08:00,2025-01-16T18:49:50-08:00,0,3
resume\index.html,72,html,21c1e4a8,lseseri,2025-01-16,18:49:50,-08:00,2025-01-16T18:49:50-08:00,0,23
resume\index.html,73,html,21c1e4a8,lseseri,2025-01-16,18:49:50,-08:00,2025-01-16T18:49:50-08:00,0,43
resume\index.html,74,html,21c1e4a8,lseseri,2025-01-16,18:49:50,-08:00,2025-01-16T18:49:50-08:00,0,51
resume\index.html,75,html,21c1e4a8,lseseri,2025-01-16,18:49:50,-08:00,2025-01-16T18:49:50-08:00,0,9
resume\index.html,76,html,21c1e4a8,lseseri,2025-01-16,18:49:50,-08:00,2025-01-16T18:49:50-08:00,0,4
resume\index.html,77,html,21c1e4a8,lseseri,2025-01-16,18:49:50,-08:00,2025-01-16T18:49:50-08:00,0,3
resume\index.html,78,html,21c1e4a8,lseseri,2025-01-16,18:49:50,-08:00,2025-01-16T18:49:50-08:00,0,23
resume\index.html,79,html,21c1e4a8,lseseri,2025-01-16,18:49:50,-08:00,2025-01-16T18:49:50-08:00,0,42
resume\index.html,80,html,21c1e4a8,lseseri,2025-01-16,18:49:50,-08:00,2025-01-16T18:49:50-08:00,0,45
resume\index.html,81,html,21c1e4a8,lseseri,2025-01-16,18:49:50,-08:00,2025-01-16T18:49:50-08:00,0,9
resume\index.html,82,html,21c1e4a8,lseseri,2025-01-16,18:49:50,-08:00,2025-01-16T18:49:50-08:00,0,4
resume\index.html,83,html,21c1e4a8,lseseri,2025-01-16,18:49:50,-08:00,2025-01-16T18:49:50-08:00,0,4
resume\index.html,84,html,21c1e4a8,lseseri,2025-01-16,18:49:50,-08:00,2025-01-16T18:49:50-08:00,0,5
resume\index.html,85,html,21c1e4a8,lseseri,2025-01-16,18:49:50,-08:00,2025-01-16T18:49:50-08:00,0,5
resume\index.html,86,html,21c1e4a8,lseseri,2025-01-16,18:49:50,-08:00,2025-01-16T18:49:50-08:00,0,9
resume\index.html,87,html,21c1e4a8,lseseri,2025-01-16,18:49:50,-08:00,2025-01-16T18:49:50-08:00,0,18
resume\index.html,88,html,21c1e4a8,lseseri,2025-01-16,18:49:50,-08:00,2025-01-16T18:49:50-08:00,0,45
resume\index.html,89,html,21c1e4a8,lseseri,2025-01-16,18:49:50,-08:00,2025-01-16T18:49:50-08:00,0,27
resume\index.html,90,html,21c1e4a8,lseseri,2025-01-16,18:49:50,-08:00,2025-01-16T18:49:50-08:00,0,18
resume\index.html,91,html,21c1e4a8,lseseri,2025-01-16,18:49:50,-08:00,2025-01-16T18:49:50-08:00,0,21
resume\index.html,92,html,21c1e4a8,lseseri,2025-01-16,18:49:50,-08:00,2025-01-16T18:49:50-08:00,0,3
resume\index.html,93,html,21c1e4a8,lseseri,2025-01-16,18:49:50,-08:00,2025-01-16T18:49:50-08:00,0,3
resume\index.html,94,html,21c1e4a8,lseseri,2025-01-16,18:49:50,-08:00,2025-01-16T18:49:50-08:00,0,27
resume\index.html,95,html,21c1e4a8,lseseri,2025-01-16,18:49:50,-08:00,2025-01-16T18:49:50-08:00,0,23
resume\index.html,96,html,21c1e4a8,lseseri,2025-01-16,18:49:50,-08:00,2025-01-16T18:49:50-08:00,0,33
resume\index.html,97,html,21c1e4a8,lseseri,2025-01-16,18:49:50,-08:00,2025-01-16T18:49:50-08:00,0,3
resume\index.html,98,html,21c1e4a8,lseseri,2025-01-16,18:49:50,-08:00,2025-01-16T18:49:50-08:00,0,46
resume\index.html,99,html,21c1e4a8,lseseri,2025-01-16,18:49:50,-08:00,2025-01-16T18:49:50-08:00,0,119
resume\index.html,100,html,21c1e4a8,lseseri,2025-01-16,18:49:50,-08:00,2025-01-16T18:49:50-08:00,0,4
resume\index.html,101,html,21c1e4a8,lseseri,2025-01-16,18:49:50,-08:00,2025-01-16T18:49:50-08:00,0,9
resume\index.html,102,html,21c1e4a8,lseseri,2025-01-16,18:49:50,-08:00,2025-01-16T18:49:50-08:00,0,4
resume\index.html,103,html,21c1e4a8,lseseri,2025-01-16,18:49:50,-08:00,2025-01-16T18:49:50-08:00,0,3
resume\index.html,104,html,21c1e4a8,lseseri,2025-01-16,18:49:50,-08:00,2025-01-16T18:49:50-08:00,0,27
resume\index.html,105,html,21c1e4a8,lseseri,2025-01-16,18:49:50,-08:00,2025-01-16T18:49:50-08:00,0,28
resume\index.html,106,html,21c1e4a8,lseseri,2025-01-16,18:49:50,-08:00,2025-01-16T18:49:50-08:00,0,37
resume\index.html,107,html,21c1e4a8,lseseri,2025-01-16,18:49:50,-08:00,2025-01-16T18:49:50-08:00,0,3
resume\index.html,108,html,21c1e4a8,lseseri,2025-01-16,18:49:50,-08:00,2025-01-16T18:49:50-08:00,0,93
resume\index.html,109,html,21c1e4a8,lseseri,2025-01-16,18:49:50,-08:00,2025-01-16T18:49:50-08:00,0,81
resume\index.html,110,html,21c1e4a8,lseseri,2025-01-16,18:49:50,-08:00,2025-01-16T18:49:50-08:00,0,80
resume\index.html,111,html,21c1e4a8,lseseri,2025-01-16,18:49:50,-08:00,2025-01-16T18:49:50-08:00,0,4
resume\index.html,112,html,21c1e4a8,lseseri,2025-01-16,18:49:50,-08:00,2025-01-16T18:49:50-08:00,0,9
resume\index.html,113,html,21c1e4a8,lseseri,2025-01-16,18:49:50,-08:00,2025-01-16T18:49:50-08:00,0,4
resume\index.html,114,html,21c1e4a8,lseseri,2025-01-16,18:49:50,-08:00,2025-01-16T18:49:50-08:00,0,3
resume\index.html,115,html,21c1e4a8,lseseri,2025-01-16,18:49:50,-08:00,2025-01-16T18:49:50-08:00,0,27
resume\index.html,116,html,21c1e4a8,lseseri,2025-01-16,18:49:50,-08:00,2025-01-16T18:49:50-08:00,0,24
resume\index.html,117,html,21c1e4a8,lseseri,2025-01-16,18:49:50,-08:00,2025-01-16T18:49:50-08:00,0,36
resume\index.html,118,html,21c1e4a8,lseseri,2025-01-16,18:49:50,-08:00,2025-01-16T18:49:50-08:00,0,3
resume\index.html,119,html,21c1e4a8,lseseri,2025-01-16,18:49:50,-08:00,2025-01-16T18:49:50-08:00,0,71
resume\index.html,120,html,21c1e4a8,lseseri,2025-01-16,18:49:50,-08:00,2025-01-16T18:49:50-08:00,0,60
resume\index.html,121,html,21c1e4a8,lseseri,2025-01-16,18:49:50,-08:00,2025-01-16T18:49:50-08:00,0,87
resume\index.html,122,html,21c1e4a8,lseseri,2025-01-16,18:49:50,-08:00,2025-01-16T18:49:50-08:00,0,4
resume\index.html,123,html,21c1e4a8,lseseri,2025-01-16,18:49:50,-08:00,2025-01-16T18:49:50-08:00,0,9
resume\index.html,124,html,21c1e4a8,lseseri,2025-01-16,18:49:50,-08:00,2025-01-16T18:49:50-08:00,0,4
resume\index.html,125,html,21c1e4a8,lseseri,2025-01-16,18:49:50,-08:00,2025-01-16T18:49:50-08:00,0,4
resume\index.html,126,html,21c1e4a8,lseseri,2025-01-16,18:49:50,-08:00,2025-01-16T18:49:50-08:00,0,5
resume\index.html,127,html,21c1e4a8,lseseri,2025-01-16,18:49:50,-08:00,2025-01-16T18:49:50-08:00,0,5
resume\index.html,128,html,21c1e4a8,lseseri,2025-01-16,18:49:50,-08:00,2025-01-16T18:49:50-08:00,0,9
resume\index.html,129,html,21c1e4a8,lseseri,2025-01-16,18:49:50,-08:00,2025-01-16T18:49:50-08:00,0,6
resume\index.html,130,html,d7ab6abf,lseseri,2025-01-09,17:39:23,-08:00,2025-01-09T17:39:23-08:00,0,6
resume\index.html,131,html,d7ab6abf,lseseri,2025-01-09,17:39:23,-08:00,2025-01-09T17:39:23-08:00,0,6
projects\projects.js,1,js,01d9e8f6,lseseri,2025-01-30,11:39:08,-08:00,2025-01-30T11:39:08-08:00,0,56
projects\projects.js,2,js,01d9e8f6,lseseri,2025-01-30,11:39:08,-08:00,2025-01-30T11:39:08-08:00,0,56
projects\projects.js,3,js,01d9e8f6,lseseri,2025-01-30,11:39:08,-08:00,2025-01-30T11:39:08-08:00,0,61
projects\projects.js,4,js,857677d4,lseseri,2025-02-05,23:47:32,-08:00,2025-02-05T23:47:32-08:00,0,49
projects\projects.js,5,js,857677d4,lseseri,2025-02-05,23:47:32,-08:00,2025-02-05T23:47:32-08:00,0,0
projects\projects.js,6,js,857677d4,lseseri,2025-02-05,23:47:32,-08:00,2025-02-05T23:47:32-08:00,0,64
projects\projects.js,7,js,857677d4,lseseri,2025-02-05,23:47:32,-08:00,2025-02-05T23:47:32-08:00,0,0
projects\projects.js,8,js,6656bbc6,lseseri,2025-02-06,18:00:33,-08:00,2025-02-06T18:00:33-08:00,0,54
projects\projects.js,9,js,6656bbc6,lseseri,2025-02-06,18:00:33,-08:00,2025-02-06T18:00:33-08:00,0,0
projects\projects.js,10,js,6656bbc6,lseseri,2025-02-06,18:00:33,-08:00,2025-02-06T18:00:33-08:00,0,31
projects\projects.js,11,js,6656bbc6,lseseri,2025-02-06,18:00:33,-08:00,2025-02-06T18:00:33-08:00,0,36
projects\projects.js,12,js,6656bbc6,lseseri,2025-02-06,18:00:33,-08:00,2025-02-06T18:00:33-08:00,0,60
projects\projects.js,13,js,6656bbc6,lseseri,2025-02-06,18:00:33,-08:00,2025-02-06T18:00:33-08:00,0,43
projects\projects.js,14,js,6656bbc6,lseseri,2025-02-06,18:00:33,-08:00,2025-02-06T18:00:33-08:00,0,2
projects\projects.js,15,js,6656bbc6,lseseri,2025-02-06,18:00:33,-08:00,2025-02-06T18:00:33-08:00,0,0
projects\projects.js,16,js,6656bbc6,lseseri,2025-02-06,18:00:33,-08:00,2025-02-06T18:00:33-08:00,0,0
projects\projects.js,17,js,319cbe57,lseseri,2025-02-06,19:34:50,-08:00,2025-02-06T19:34:50-08:00,0,22
projects\projects.js,18,js,319cbe57,lseseri,2025-02-06,19:34:50,-08:00,2025-02-06T19:34:50-08:00,0,0
projects\projects.js,19,js,b1ca50eb,lseseri,2025-02-06,20:08:27,-08:00,2025-02-06T20:08:27-08:00,0,50
projects\projects.js,20,js,b1ca50eb,lseseri,2025-02-06,20:08:27,-08:00,2025-02-06T20:08:27-08:00,0,23
projects\projects.js,21,js,b1ca50eb,lseseri,2025-02-06,20:08:27,-08:00,2025-02-06T20:08:27-08:00,0,0
projects\projects.js,22,js,b1ca50eb,lseseri,2025-02-06,20:08:27,-08:00,2025-02-06T20:08:27-08:00,0,11
projects\projects.js,23,js,b1ca50eb,lseseri,2025-02-06,20:08:27,-08:00,2025-02-06T20:08:27-08:00,0,40
projects\projects.js,24,js,b1ca50eb,lseseri,2025-02-06,20:08:27,-08:00,2025-02-06T20:08:27-08:00,0,60
projects\projects.js,25,js,b1ca50eb,lseseri,2025-02-06,20:08:27,-08:00,2025-02-06T20:08:27-08:00,0,43
projects\projects.js,26,js,b1ca50eb,lseseri,2025-02-06,20:08:27,-08:00,2025-02-06T20:08:27-08:00,0,2
projects\projects.js,27,js,b1ca50eb,lseseri,2025-02-06,20:08:27,-08:00,2025-02-06T20:08:27-08:00,0,0
projects\projects.js,28,js,b1ca50eb,lseseri,2025-02-06,20:08:27,-08:00,2025-02-06T20:08:27-08:00,0,0
projects\projects.js,29,js,b1ca50eb,lseseri,2025-02-06,20:08:27,-08:00,2025-02-06T20:08:27-08:00,0,18
projects\projects.js,30,js,b1ca50eb,lseseri,2025-02-06,20:08:27,-08:00,2025-02-06T20:08:27-08:00,0,58
projects\projects.js,31,js,b1ca50eb,lseseri,2025-02-06,20:08:27,-08:00,2025-02-06T20:08:27-08:00,0,0
projects\projects.js,32,js,b1ca50eb,lseseri,2025-02-06,20:08:27,-08:00,2025-02-06T20:08:27-08:00,0,0
projects\projects.js,33,js,b1ca50eb,lseseri,2025-02-06,20:08:27,-08:00,2025-02-06T20:08:27-08:00,0,15
projects\projects.js,34,js,b1ca50eb,lseseri,2025-02-06,20:08:27,-08:00,2025-02-06T20:08:27-08:00,0,0
projects\projects.js,35,js,b1ca50eb,lseseri,2025-02-06,20:08:27,-08:00,2025-02-06T20:08:27-08:00,0,0
projects\projects.js,36,js,6656bbc6,lseseri,2025-02-06,18:00:33,-08:00,2025-02-06T18:00:33-08:00,0,41
projects\projects.js,37,js,6656bbc6,lseseri,2025-02-06,18:00:33,-08:00,2025-02-06T18:00:33-08:00,0,39
projects\projects.js,38,js,6656bbc6,lseseri,2025-02-06,18:00:33,-08:00,2025-02-06T18:00:33-08:00,0,26
projects\projects.js,39,js,6656bbc6,lseseri,2025-02-06,18:00:33,-08:00,2025-02-06T18:00:33-08:00,0,27
projects\projects.js,40,js,6656bbc6,lseseri,2025-02-06,18:00:33,-08:00,2025-02-06T18:00:33-08:00,0,0
projects\projects.js,41,js,6656bbc6,lseseri,2025-02-06,18:00:33,-08:00,2025-02-06T18:00:33-08:00,0,33
projects\projects.js,42,js,6656bbc6,lseseri,2025-02-06,18:00:33,-08:00,2025-02-06T18:00:33-08:00,0,30
projects\projects.js,43,js,6656bbc6,lseseri,2025-02-06,18:00:33,-08:00,2025-02-06T18:00:33-08:00,0,0
projects\projects.js,44,js,6656bbc6,lseseri,2025-02-06,18:00:33,-08:00,2025-02-06T18:00:33-08:00,0,26
projects\projects.js,45,js,6656bbc6,lseseri,2025-02-06,18:00:33,-08:00,2025-02-06T18:00:33-08:00,0,27
projects\projects.js,46,js,6656bbc6,lseseri,2025-02-06,18:00:33,-08:00,2025-02-06T18:00:33-08:00,0,13
projects\projects.js,47,js,6656bbc6,lseseri,2025-02-06,18:00:33,-08:00,2025-02-06T18:00:33-08:00,0,15
projects\projects.js,48,js,6656bbc6,lseseri,2025-02-06,18:00:33,-08:00,2025-02-06T18:00:33-08:00,0,13
projects\projects.js,49,js,6656bbc6,lseseri,2025-02-06,18:00:33,-08:00,2025-02-06T18:00:33-08:00,0,1
projects\projects.js,50,js,6656bbc6,lseseri,2025-02-06,18:00:33,-08:00,2025-02-06T18:00:33-08:00,0,0
projects\projects.js,51,js,6656bbc6,lseseri,2025-02-06,18:00:33,-08:00,2025-02-06T18:00:33-08:00,0,19
projects\projects.js,52,js,6656bbc6,lseseri,2025-02-06,18:00:33,-08:00,2025-02-06T18:00:33-08:00,0,46
projects\projects.js,53,js,6656bbc6,lseseri,2025-02-06,18:00:33,-08:00,2025-02-06T18:00:33-08:00,0,11
projects\projects.js,54,js,6656bbc6,lseseri,2025-02-06,18:00:33,-08:00,2025-02-06T18:00:33-08:00,0,11
projects\projects.js,55,js,6656bbc6,lseseri,2025-02-06,18:00:33,-08:00,2025-02-06T18:00:33-08:00,0,3
projects\projects.js,56,js,6656bbc6,lseseri,2025-02-06,18:00:33,-08:00,2025-02-06T18:00:33-08:00,0,0
projects\projects.js,57,js,6656bbc6,lseseri,2025-02-06,18:00:33,-08:00,2025-02-06T18:00:33-08:00,0,29
projects\projects.js,58,js,6656bbc6,lseseri,2025-02-06,18:00:33,-08:00,2025-02-06T18:00:33-08:00,0,0
projects\projects.js,59,js,6656bbc6,lseseri,2025-02-06,18:00:33,-08:00,2025-02-06T18:00:33-08:00,0,51
projects\projects.js,60,js,6656bbc6,lseseri,2025-02-06,18:00:33,-08:00,2025-02-06T18:00:33-08:00,0,58
projects\projects.js,61,js,6656bbc6,lseseri,2025-02-06,18:00:33,-08:00,2025-02-06T18:00:33-08:00,0,51
projects\projects.js,62,js,6656bbc6,lseseri,2025-02-06,18:00:33,-08:00,2025-02-06T18:00:33-08:00,0,34
projects\projects.js,63,js,6656bbc6,lseseri,2025-02-06,18:00:33,-08:00,2025-02-06T18:00:33-08:00,0,48
projects\projects.js,64,js,6656bbc6,lseseri,2025-02-06,18:00:33,-08:00,2025-02-06T18:00:33-08:00,0,0
projects\projects.js,65,js,6656bbc6,lseseri,2025-02-06,18:00:33,-08:00,2025-02-06T18:00:33-08:00,0,28
projects\projects.js,66,js,6656bbc6,lseseri,2025-02-06,18:00:33,-08:00,2025-02-06T18:00:33-08:00,0,17
projects\projects.js,67,js,319cbe57,lseseri,2025-02-06,19:34:50,-08:00,2025-02-06T19:34:50-08:00,0,26
projects\projects.js,68,js,319cbe57,lseseri,2025-02-06,19:34:50,-08:00,2025-02-06T19:34:50-08:00,0,25
projects\projects.js,69,js,319cbe57,lseseri,2025-02-06,19:34:50,-08:00,2025-02-06T19:34:50-08:00,0,19
projects\projects.js,70,js,319cbe57,lseseri,2025-02-06,19:34:50,-08:00,2025-02-06T19:34:50-08:00,0,48
projects\projects.js,71,js,319cbe57,lseseri,2025-02-06,19:34:50,-08:00,2025-02-06T19:34:50-08:00,0,74
projects\projects.js,72,js,319cbe57,lseseri,2025-02-06,19:34:50,-08:00,2025-02-06T19:34:50-08:00,0,0
projects\projects.js,73,js,319cbe57,lseseri,2025-02-06,19:34:50,-08:00,2025-02-06T19:34:50-08:00,0,84
projects\projects.js,74,js,319cbe57,lseseri,2025-02-06,19:34:50,-08:00,2025-02-06T19:34:50-08:00,0,85
projects\projects.js,75,js,319cbe57,lseseri,2025-02-06,19:34:50,-08:00,2025-02-06T19:34:50-08:00,0,0
projects\projects.js,76,js,b1ca50eb,lseseri,2025-02-06,20:08:27,-08:00,2025-02-06T20:08:27-08:00,0,29
projects\projects.js,77,js,b1ca50eb,lseseri,2025-02-06,20:08:27,-08:00,2025-02-06T20:08:27-08:00,0,63
projects\projects.js,78,js,b1ca50eb,lseseri,2025-02-06,20:08:27,-08:00,2025-02-06T20:08:27-08:00,0,57
projects\projects.js,79,js,319cbe57,lseseri,2025-02-06,19:34:50,-08:00,2025-02-06T19:34:50-08:00,0,2
projects\projects.js,80,js,6656bbc6,lseseri,2025-02-06,18:00:33,-08:00,2025-02-06T18:00:33-08:00,0,2
projects\projects.js,81,js,6656bbc6,lseseri,2025-02-06,18:00:33,-08:00,2025-02-06T18:00:33-08:00,0,0
projects\projects.js,82,js,6656bbc6,lseseri,2025-02-06,18:00:33,-08:00,2025-02-06T18:00:33-08:00,0,25
projects\projects.js,83,js,d5cb417a,lseseri,2025-02-06,00:40:27,-08:00,2025-02-06T00:40:27-08:00,0,18
projects\projects.js,84,js,319cbe57,lseseri,2025-02-06,19:34:50,-08:00,2025-02-06T19:34:50-08:00,0,94
projects\projects.js,85,js,319cbe57,lseseri,2025-02-06,19:34:50,-08:00,2025-02-06T19:34:50-08:00,0,28
projects\projects.js,86,js,319cbe57,lseseri,2025-02-06,19:34:50,-08:00,2025-02-06T19:34:50-08:00,0,99
projects\projects.js,87,js,6656bbc6,lseseri,2025-02-06,18:00:33,-08:00,2025-02-06T18:00:33-08:00,0,2
projects\projects.js,88,js,6656bbc6,lseseri,2025-02-06,18:00:33,-08:00,2025-02-06T18:00:33-08:00,0,0
projects\projects.js,89,js,6656bbc6,lseseri,2025-02-06,18:00:33,-08:00,2025-02-06T18:00:33-08:00,0,0
projects\projects.js,90,js,6656bbc6,lseseri,2025-02-06,18:00:33,-08:00,2025-02-06T18:00:33-08:00,0,33
projects\projects.js,91,js,6656bbc6,lseseri,2025-02-06,18:00:33,-08:00,2025-02-06T18:00:33-08:00,0,24
projects\projects.js,92,js,6656bbc6,lseseri,2025-02-06,18:00:33,-08:00,2025-02-06T18:00:33-08:00,0,0
projects\projects.js,93,js,6656bbc6,lseseri,2025-02-06,18:00:33,-08:00,2025-02-06T18:00:33-08:00,0,49
projects\projects.js,94,js,6656bbc6,lseseri,2025-02-06,18:00:33,-08:00,2025-02-06T18:00:33-08:00,0,30
projects\projects.js,95,js,b1ca50eb,lseseri,2025-02-06,20:08:27,-08:00,2025-02-06T20:08:27-08:00,0,46
projects\projects.js,96,js,b1ca50eb,lseseri,2025-02-06,20:08:27,-08:00,2025-02-06T20:08:27-08:00,0,98
projects\projects.js,97,js,b1ca50eb,lseseri,2025-02-06,20:08:27,-08:00,2025-02-06T20:08:27-08:00,0,62
projects\projects.js,98,js,6656bbc6,lseseri,2025-02-06,18:00:33,-08:00,2025-02-06T18:00:33-08:00,0,56
projects\projects.js,99,js,6656bbc6,lseseri,2025-02-06,18:00:33,-08:00,2025-02-06T18:00:33-08:00,0,31
projects\projects.js,100,js,319cbe57,lseseri,2025-02-06,19:34:50,-08:00,2025-02-06T19:34:50-08:00,0,2
projects\index.html,1,html,7cdcdce0,lseseri,2025-01-09,16:14:06,-08:00,2025-01-09T16:14:06-08:00,0,14
projects\index.html,2,html,7cdcdce0,lseseri,2025-01-09,16:14:06,-08:00,2025-01-09T16:14:06-08:00,0,15
projects\index.html,3,html,7cdcdce0,lseseri,2025-01-09,16:14:06,-08:00,2025-01-09T16:14:06-08:00,0,5
projects\index.html,4,html,7cdcdce0,lseseri,2025-01-09,16:14:06,-08:00,2025-01-09T16:14:06-08:00,0,21
projects\index.html,5,html,7cdcdce0,lseseri,2025-01-09,16:14:06,-08:00,2025-01-09T16:14:06-08:00,0,69
projects\index.html,6,html,7cdcdce0,lseseri,2025-01-09,16:14:06,-08:00,2025-01-09T16:14:06-08:00,0,22
projects\index.html,7,html,f278f784,lseseri,2025-01-22,19:07:45,-08:00,2025-01-22T19:07:45-08:00,0,43
projects\index.html,8,html,f278f784,lseseri,2025-01-22,19:07:45,-08:00,2025-01-22T19:07:45-08:00,0,49
projects\index.html,9,html,01d9e8f6,lseseri,2025-01-30,11:39:08,-08:00,2025-01-30T11:39:08-08:00,0,48
projects\index.html,10,html,7cdcdce0,lseseri,2025-01-09,16:14:06,-08:00,2025-01-09T16:14:06-08:00,0,6
projects\index.html,11,html,7cdcdce0,lseseri,2025-01-09,16:14:06,-08:00,2025-01-09T16:14:06-08:00,0,5
projects\index.html,12,html,f82531b1,lseseri,2025-01-22,19:47:32,-08:00,2025-01-22T19:47:32-08:00,0,9
projects\index.html,13,html,d7ab6abf,lseseri,2025-01-09,17:39:23,-08:00,2025-01-09T17:39:23-08:00,0,3
projects\index.html,14,html,d7ab6abf,lseseri,2025-01-09,17:39:23,-08:00,2025-01-09T17:39:23-08:00,0,40
projects\index.html,15,html,d7ab6abf,lseseri,2025-01-09,17:39:23,-08:00,2025-01-09T17:39:23-08:00,0,51
projects\index.html,16,html,f278f784,lseseri,2025-01-22,19:07:45,-08:00,2025-01-22T19:07:45-08:00,0,41
projects\index.html,17,html,00b4af84,lseseri,2025-01-09,21:19:59,-08:00,2025-01-09T21:19:59-08:00,0,49
projects\index.html,18,html,d7ab6abf,lseseri,2025-01-09,17:39:23,-08:00,2025-01-09T17:39:23-08:00,0,71
projects\index.html,19,html,d7ab6abf,lseseri,2025-01-09,17:39:23,-08:00,2025-01-09T17:39:23-08:00,0,4
projects\index.html,20,html,f82531b1,lseseri,2025-01-22,19:47:32,-08:00,2025-01-22T19:47:32-08:00,0,9
projects\index.html,21,html,13f7c76f,lseseri,2025-01-15,14:37:28,-08:00,2025-01-15T14:37:28-08:00,0,3
projects\index.html,22,html,01d9e8f6,lseseri,2025-01-30,11:39:08,-08:00,2025-01-30T11:39:08-08:00,0,36
projects\index.html,23,html,13f7c76f,lseseri,2025-01-15,14:37:28,-08:00,2025-01-15T14:37:28-08:00,0,7
projects\index.html,24,html,13f7c76f,lseseri,2025-01-15,14:37:28,-08:00,2025-01-15T14:37:28-08:00,0,4
projects\index.html,25,html,d5cb417a,lseseri,2025-02-06,00:40:27,-08:00,2025-02-06T00:40:27-08:00,0,22
projects\index.html,26,html,d5cb417a,lseseri,2025-02-06,00:40:27,-08:00,2025-02-06T00:40:27-08:00,0,59
projects\index.html,27,html,d5cb417a,lseseri,2025-02-06,00:40:27,-08:00,2025-02-06T00:40:27-08:00,0,23
projects\index.html,28,html,d5cb417a,lseseri,2025-02-06,00:40:27,-08:00,2025-02-06T00:40:27-08:00,0,5
projects\index.html,29,html,6656bbc6,lseseri,2025-02-06,18:00:33,-08:00,2025-02-06T18:00:33-08:00,0,5
projects\index.html,30,html,6656bbc6,lseseri,2025-02-06,18:00:33,-08:00,2025-02-06T18:00:33-08:00,0,16
projects\index.html,31,html,6656bbc6,lseseri,2025-02-06,18:00:33,-08:00,2025-02-06T18:00:33-08:00,0,12
projects\index.html,32,html,6656bbc6,lseseri,2025-02-06,18:00:33,-08:00,2025-02-06T18:00:33-08:00,0,27
projects\index.html,33,html,6656bbc6,lseseri,2025-02-06,18:00:33,-08:00,2025-02-06T18:00:33-08:00,0,32
projects\index.html,34,html,6656bbc6,lseseri,2025-02-06,18:00:33,-08:00,2025-02-06T18:00:33-08:00,0,1
projects\index.html,35,html,c99872a1,lseseri,2025-01-15,16:44:34,-08:00,2025-01-15T16:44:34-08:00,0,21
projects\index.html,36,html,857677d4,lseseri,2025-02-05,23:47:32,-08:00,2025-02-05T23:47:32-08:00,0,0
projects\index.html,37,html,c99872a1,lseseri,2025-01-15,16:44:34,-08:00,2025-01-15T16:44:34-08:00,0,5
projects\index.html,38,html,7cdcdce0,lseseri,2025-01-09,16:14:06,-08:00,2025-01-09T16:14:06-08:00,0,6
projects\index.html,39,html,7cdcdce0,lseseri,2025-01-09,16:14:06,-08:00,2025-01-09T16:14:06-08:00,0,6
meta\main.js,1,js,43c6bbe6,lseseri,2025-02-12,22:08:05,-08:00,2025-02-12T22:08:05-08:00,0,13
meta\main.js,2,js,43c6bbe6,lseseri,2025-02-12,22:08:05,-08:00,2025-02-12T22:08:05-08:00,0,16
meta\main.js,3,js,43c6bbe6,lseseri,2025-02-12,22:08:05,-08:00,2025-02-12T22:08:05-08:00,0,0
meta\main.js,4,js,43c6bbe6,lseseri,2025-02-12,22:08:05,-08:00,2025-02-12T22:08:05-08:00,0,26
meta\main.js,5,js,43c6bbe6,lseseri,2025-02-12,22:08:05,-08:00,2025-02-12T22:08:05-08:00,0,41
meta\main.js,6,js,43c6bbe6,lseseri,2025-02-12,22:08:05,-08:00,2025-02-12T22:08:05-08:00,0,6
meta\main.js,7,js,43c6bbe6,lseseri,2025-02-12,22:08:05,-08:00,2025-02-12T22:08:05-08:00,0,43
meta\main.js,8,js,43c6bbe6,lseseri,2025-02-12,22:08:05,-08:00,2025-02-12T22:08:05-08:00,0,24
meta\main.js,9,js,43c6bbe6,lseseri,2025-02-12,22:08:05,-08:00,2025-02-12T22:08:05-08:00,0,26
meta\main.js,10,js,43c6bbe6,lseseri,2025-02-12,22:08:05,-08:00,2025-02-12T22:08:05-08:00,0,50
meta\main.js,11,js,43c6bbe6,lseseri,2025-02-12,22:08:05,-08:00,2025-02-12T22:08:05-08:00,0,32
meta\main.js,12,js,43c6bbe6,lseseri,2025-02-12,22:08:05,-08:00,2025-02-12T22:08:05-08:00,0,3
meta\main.js,13,js,43c6bbe6,lseseri,2025-02-12,22:08:05,-08:00,2025-02-12T22:08:05-08:00,0,0
meta\main.js,14,js,43c6bbe6,lseseri,2025-02-12,22:08:05,-08:00,2025-02-12T22:08:05-08:00,0,14
meta\main.js,15,js,d1c98d9c,lseseri,2025-02-12,22:44:24,-08:00,2025-02-12T22:44:24-08:00,0,19
meta\main.js,16,js,43c6bbe6,lseseri,2025-02-12,22:08:05,-08:00,2025-02-12T22:08:05-08:00,0,0
meta\main.js,17,js,43c6bbe6,lseseri,2025-02-12,22:08:05,-08:00,2025-02-12T22:08:05-08:00,0,0
meta\main.js,18,js,43c6bbe6,lseseri,2025-02-12,22:08:05,-08:00,2025-02-12T22:08:05-08:00,0,26
meta\main.js,19,js,43c6bbe6,lseseri,2025-02-12,22:08:05,-08:00,2025-02-12T22:08:05-08:00,0,11
meta\main.js,20,js,43c6bbe6,lseseri,2025-02-12,22:08:05,-08:00,2025-02-12T22:08:05-08:00,0,29
meta\main.js,21,js,43c6bbe6,lseseri,2025-02-12,22:08:05,-08:00,2025-02-12T22:08:05-08:00,0,26
meta\main.js,22,js,43c6bbe6,lseseri,2025-02-12,22:08:05,-08:00,2025-02-12T22:08:05-08:00,0,20
meta\main.js,23,js,43c6bbe6,lseseri,2025-02-12,22:08:05,-08:00,2025-02-12T22:08:05-08:00,0,54
meta\main.js,24,js,43c6bbe6,lseseri,2025-02-12,22:08:05,-08:00,2025-02-12T22:08:05-08:00,0,10
meta\main.js,25,js,43c6bbe6,lseseri,2025-02-12,22:08:05,-08:00,2025-02-12T22:08:05-08:00,0,10
meta\main.js,26,js,43c6bbe6,lseseri,2025-02-12,22:08:05,-08:00,2025-02-12T22:08:05-08:00,0,60
meta\main.js,27,js,43c6bbe6,lseseri,2025-02-12,22:08:05,-08:00,2025-02-12T22:08:05-08:00,0,6
meta\main.js,28,js,43c6bbe6,lseseri,2025-02-12,22:08:05,-08:00,2025-02-12T22:08:05-08:00,0,4
meta\main.js,29,js,43c6bbe6,lseseri,2025-02-12,22:08:05,-08:00,2025-02-12T22:08:05-08:00,0,4
meta\main.js,30,js,43c6bbe6,lseseri,2025-02-12,22:08:05,-08:00,2025-02-12T22:08:05-08:00,0,8
meta\main.js,31,js,43c6bbe6,lseseri,2025-02-12,22:08:05,-08:00,2025-02-12T22:08:05-08:00,0,8
meta\main.js,32,js,43c6bbe6,lseseri,2025-02-12,22:08:05,-08:00,2025-02-12T22:08:05-08:00,0,58
meta\main.js,33,js,43c6bbe6,lseseri,2025-02-12,22:08:05,-08:00,2025-02-12T22:08:05-08:00,0,24
meta\main.js,34,js,43c6bbe6,lseseri,2025-02-12,22:08:05,-08:00,2025-02-12T22:08:05-08:00,0,1
meta\main.js,35,js,43c6bbe6,lseseri,2025-02-12,22:08:05,-08:00,2025-02-12T22:08:05-08:00,0,0
meta\main.js,36,js,43c6bbe6,lseseri,2025-02-12,22:08:05,-08:00,2025-02-12T22:08:05-08:00,0,36
meta\main.js,37,js,43c6bbe6,lseseri,2025-02-12,22:08:05,-08:00,2025-02-12T22:08:05-08:00,0,12
meta\main.js,38,js,43c6bbe6,lseseri,2025-02-12,22:08:05,-08:00,2025-02-12T22:08:05-08:00,0,17
meta\main.js,39,js,43c6bbe6,lseseri,2025-02-12,22:08:05,-08:00,2025-02-12T22:08:05-08:00,0,15
meta\main.js,40,js,43c6bbe6,lseseri,2025-02-12,22:08:05,-08:00,2025-02-12T22:08:05-08:00,0,18
meta\main.js,41,js,43c6bbe6,lseseri,2025-02-12,22:08:05,-08:00,2025-02-12T22:08:05-08:00,0,2
meta\main.js,42,js,43c6bbe6,lseseri,2025-02-12,22:08:05,-08:00,2025-02-12T22:08:05-08:00,0,0
meta\main.js,43,js,43c6bbe6,lseseri,2025-02-12,22:08:05,-08:00,2025-02-12T22:08:05-08:00,0,10
meta\main.js,44,js,43c6bbe6,lseseri,2025-02-12,22:08:05,-08:00,2025-02-12T22:08:05-08:00,0,2
meta\main.js,45,js,43c6bbe6,lseseri,2025-02-12,22:08:05,-08:00,2025-02-12T22:08:05-08:00,0,0
meta\main.js,46,js,43c6bbe6,lseseri,2025-02-12,22:08:05,-08:00,2025-02-12T22:08:05-08:00,0,0
meta\main.js,47,js,43c6bbe6,lseseri,2025-02-12,22:08:05,-08:00,2025-02-12T22:08:05-08:00,0,24
meta\main.js,48,js,43c6bbe6,lseseri,2025-02-12,22:08:05,-08:00,2025-02-12T22:08:05-08:00,0,23
meta\main.js,49,js,43c6bbe6,lseseri,2025-02-12,22:08:05,-08:00,2025-02-12T22:08:05-08:00,0,16
meta\main.js,50,js,43c6bbe6,lseseri,2025-02-12,22:08:05,-08:00,2025-02-12T22:08:05-08:00,0,0
meta\main.js,51,js,43c6bbe6,lseseri,2025-02-12,22:08:05,-08:00,2025-02-12T22:08:05-08:00,0,23
meta\main.js,52,js,43c6bbe6,lseseri,2025-02-12,22:08:05,-08:00,2025-02-12T22:08:05-08:00,0,66
meta\main.js,53,js,43c6bbe6,lseseri,2025-02-12,22:08:05,-08:00,2025-02-12T22:08:05-08:00,0,0
meta\main.js,54,js,43c6bbe6,lseseri,2025-02-12,22:08:05,-08:00,2025-02-12T22:08:05-08:00,0,15
meta\main.js,55,js,43c6bbe6,lseseri,2025-02-12,22:08:05,-08:00,2025-02-12T22:08:05-08:00,0,68
meta\main.js,56,js,43c6bbe6,lseseri,2025-02-12,22:08:05,-08:00,2025-02-12T22:08:05-08:00,0,33
meta\main.js,57,js,43c6bbe6,lseseri,2025-02-12,22:08:05,-08:00,2025-02-12T22:08:05-08:00,0,0
meta\main.js,58,js,43c6bbe6,lseseri,2025-02-12,22:08:05,-08:00,2025-02-12T22:08:05-08:00,0,19
meta\main.js,59,js,43c6bbe6,lseseri,2025-02-12,22:08:05,-08:00,2025-02-12T22:08:05-08:00,0,37
meta\main.js,60,js,43c6bbe6,lseseri,2025-02-12,22:08:05,-08:00,2025-02-12T22:08:05-08:00,0,36
meta\main.js,61,js,43c6bbe6,lseseri,2025-02-12,22:08:05,-08:00,2025-02-12T22:08:05-08:00,0,0
meta\main.js,62,js,43c6bbe6,lseseri,2025-02-12,22:08:05,-08:00,2025-02-12T22:08:05-08:00,0,26
meta\main.js,63,js,43c6bbe6,lseseri,2025-02-12,22:08:05,-08:00,2025-02-12T22:08:05-08:00,0,51
meta\main.js,64,js,43c6bbe6,lseseri,2025-02-12,22:08:05,-08:00,2025-02-12T22:08:05-08:00,0,35
meta\main.js,65,js,43c6bbe6,lseseri,2025-02-12,22:08:05,-08:00,2025-02-12T22:08:05-08:00,0,27
meta\main.js,66,js,43c6bbe6,lseseri,2025-02-12,22:08:05,-08:00,2025-02-12T22:08:05-08:00,0,0
meta\main.js,67,js,43c6bbe6,lseseri,2025-02-12,22:08:05,-08:00,2025-02-12T22:08:05-08:00,0,21
meta\main.js,68,js,43c6bbe6,lseseri,2025-02-12,22:08:05,-08:00,2025-02-12T22:08:05-08:00,0,28
meta\main.js,69,js,43c6bbe6,lseseri,2025-02-12,22:08:05,-08:00,2025-02-12T22:08:05-08:00,0,64
meta\main.js,70,js,43c6bbe6,lseseri,2025-02-12,22:08:05,-08:00,2025-02-12T22:08:05-08:00,0,10
meta\main.js,71,js,43c6bbe6,lseseri,2025-02-12,22:08:05,-08:00,2025-02-12T22:08:05-08:00,0,1
meta\main.js,72,js,43c6bbe6,lseseri,2025-02-12,22:08:05,-08:00,2025-02-12T22:08:05-08:00,0,51
meta\main.js,73,js,43c6bbe6,lseseri,2025-02-12,22:08:05,-08:00,2025-02-12T22:08:05-08:00,0,35
meta\main.js,74,js,43c6bbe6,lseseri,2025-02-12,22:08:05,-08:00,2025-02-12T22:08:05-08:00,0,0
meta\main.js,75,js,43c6bbe6,lseseri,2025-02-12,22:08:05,-08:00,2025-02-12T22:08:05-08:00,0,21
meta\main.js,76,js,43c6bbe6,lseseri,2025-02-12,22:08:05,-08:00,2025-02-12T22:08:05-08:00,0,30
meta\main.js,77,js,43c6bbe6,lseseri,2025-02-12,22:08:05,-08:00,2025-02-12T22:08:05-08:00,0,4
meta\main.js,78,js,43c6bbe6,lseseri,2025-02-12,22:08:05,-08:00,2025-02-12T22:08:05-08:00,0,31
meta\main.js,79,js,43c6bbe6,lseseri,2025-02-12,22:08:05,-08:00,2025-02-12T22:08:05-08:00,0,12
meta\main.js,80,js,43c6bbe6,lseseri,2025-02-12,22:08:05,-08:00,2025-02-12T22:08:05-08:00,0,1
meta\main.js,81,js,43c6bbe6,lseseri,2025-02-12,22:08:05,-08:00,2025-02-12T22:08:05-08:00,0,55
meta\main.js,82,js,43c6bbe6,lseseri,2025-02-12,22:08:05,-08:00,2025-02-12T22:08:05-08:00,0,51
meta\main.js,83,js,43c6bbe6,lseseri,2025-02-12,22:08:05,-08:00,2025-02-12T22:08:05-08:00,0,46
meta\main.js,84,js,43c6bbe6,lseseri,2025-02-12,22:08:05,-08:00,2025-02-12T22:08:05-08:00,0,0
meta\main.js,85,js,43c6bbe6,lseseri,2025-02-12,22:08:05,-08:00,2025-02-12T22:08:05-08:00,0,25
meta\main.js,86,js,43c6bbe6,lseseri,2025-02-12,22:08:05,-08:00,2025-02-12T22:08:05-08:00,0,31
meta\main.js,87,js,43c6bbe6,lseseri,2025-02-12,22:08:05,-08:00,2025-02-12T22:08:05-08:00,0,4
meta\main.js,88,js,43c6bbe6,lseseri,2025-02-12,22:08:05,-08:00,2025-02-12T22:08:05-08:00,0,15
meta\main.js,89,js,43c6bbe6,lseseri,2025-02-12,22:08:05,-08:00,2025-02-12T22:08:05-08:00,0,71
meta\main.js,90,js,43c6bbe6,lseseri,2025-02-12,22:08:05,-08:00,2025-02-12T22:08:05-08:00,0,1
meta\main.js,91,js,43c6bbe6,lseseri,2025-02-12,22:08:05,-08:00,2025-02-12T22:08:05-08:00,0,61
meta\main.js,92,js,43c6bbe6,lseseri,2025-02-12,22:08:05,-08:00,2025-02-12T22:08:05-08:00,0,53
meta\main.js,93,js,43c6bbe6,lseseri,2025-02-12,22:08:05,-08:00,2025-02-12T22:08:05-08:00,0,31
meta\main.js,94,js,43c6bbe6,lseseri,2025-02-12,22:08:05,-08:00,2025-02-12T22:08:05-08:00,0,0
meta\main.js,95,js,43c6bbe6,lseseri,2025-02-12,22:08:05,-08:00,2025-02-12T22:08:05-08:00,0,0
meta\main.js,96,js,43c6bbe6,lseseri,2025-02-12,22:08:05,-08:00,2025-02-12T22:08:05-08:00,0,0
meta\main.js,97,js,d1c98d9c,lseseri,2025-02-12,22:44:24,-08:00,2025-02-12T22:44:24-08:00,0,29
meta\main.js,98,js,d1c98d9c,lseseri,2025-02-12,22:44:24,-08:00,2025-02-12T22:44:24-08:00,0,18
meta\main.js,99,js,d1c98d9c,lseseri,2025-02-12,22:44:24,-08:00,2025-02-12T22:44:24-08:00,0,18
meta\main.js,100,js,d1c98d9c,lseseri,2025-02-12,22:44:24,-08:00,2025-02-12T22:44:24-08:00,0,59
meta\main.js,101,js,d1c98d9c,lseseri,2025-02-12,22:44:24,-08:00,2025-02-12T22:44:24-08:00,0,0
meta\main.js,102,js,d1c98d9c,lseseri,2025-02-12,22:44:24,-08:00,2025-02-12T22:44:24-08:00,0,19
meta\main.js,103,js,d1c98d9c,lseseri,2025-02-12,22:44:24,-08:00,2025-02-12T22:44:24-08:00,0,15
meta\main.js,104,js,d1c98d9c,lseseri,2025-02-12,22:44:24,-08:00,2025-02-12T22:44:24-08:00,0,27
meta\main.js,105,js,d1c98d9c,lseseri,2025-02-12,22:44:24,-08:00,2025-02-12T22:44:24-08:00,0,30
meta\main.js,106,js,d1c98d9c,lseseri,2025-02-12,22:44:24,-08:00,2025-02-12T22:44:24-08:00,0,17
meta\main.js,107,js,d1c98d9c,lseseri,2025-02-12,22:44:24,-08:00,2025-02-12T22:44:24-08:00,0,41
meta\main.js,108,js,d1c98d9c,lseseri,2025-02-12,22:44:24,-08:00,2025-02-12T22:44:24-08:00,0,43
meta\main.js,109,js,d1c98d9c,lseseri,2025-02-12,22:44:24,-08:00,2025-02-12T22:44:24-08:00,0,1
meta\main.js,110,js,d1c98d9c,lseseri,2025-02-12,22:44:24,-08:00,2025-02-12T22:44:24-08:00,0,0
meta\main.js,111,js,d1c98d9c,lseseri,2025-02-12,22:44:24,-08:00,2025-02-12T22:44:24-08:00,0,13
meta\main.js,112,js,d1c98d9c,lseseri,2025-02-12,22:44:24,-08:00,2025-02-12T22:44:24-08:00,0,16
meta\main.js,113,js,d1c98d9c,lseseri,2025-02-12,22:44:24,-08:00,2025-02-12T22:44:24-08:00,0,13
meta\main.js,114,js,d1c98d9c,lseseri,2025-02-12,22:44:24,-08:00,2025-02-12T22:44:24-08:00,0,41
meta\main.js,115,js,d1c98d9c,lseseri,2025-02-12,22:44:24,-08:00,2025-02-12T22:44:24-08:00,0,29
meta\main.js,116,js,d1c98d9c,lseseri,2025-02-12,22:44:24,-08:00,2025-02-12T22:44:24-08:00,0,0
meta\main.js,117,js,d1c98d9c,lseseri,2025-02-12,22:44:24,-08:00,2025-02-12T22:44:24-08:00,0,16
meta\main.js,118,js,d1c98d9c,lseseri,2025-02-12,22:44:24,-08:00,2025-02-12T22:44:24-08:00,0,11
meta\main.js,119,js,d1c98d9c,lseseri,2025-02-12,22:44:24,-08:00,2025-02-12T22:44:24-08:00,0,45
meta\main.js,120,js,d1c98d9c,lseseri,2025-02-12,22:44:24,-08:00,2025-02-12T22:44:24-08:00,0,17
meta\main.js,121,js,d1c98d9c,lseseri,2025-02-12,22:44:24,-08:00,2025-02-12T22:44:24-08:00,0,7
meta\main.js,122,js,d1c98d9c,lseseri,2025-02-12,22:44:24,-08:00,2025-02-12T22:44:24-08:00,0,0
meta\main.js,123,js,d1c98d9c,lseseri,2025-02-12,22:44:24,-08:00,2025-02-12T22:44:24-08:00,0,66
meta\main.js,124,js,d1c98d9c,lseseri,2025-02-12,22:44:24,-08:00,2025-02-12T22:44:24-08:00,0,0
meta\main.js,125,js,d1c98d9c,lseseri,2025-02-12,22:44:24,-08:00,2025-02-12T22:44:24-08:00,0,31
meta\main.js,126,js,d1c98d9c,lseseri,2025-02-12,22:44:24,-08:00,2025-02-12T22:44:24-08:00,0,49
meta\main.js,127,js,d1c98d9c,lseseri,2025-02-12,22:44:24,-08:00,2025-02-12T22:44:24-08:00,0,49
meta\main.js,128,js,d1c98d9c,lseseri,2025-02-12,22:44:24,-08:00,2025-02-12T22:44:24-08:00,0,0
meta\main.js,129,js,d1c98d9c,lseseri,2025-02-12,22:44:24,-08:00,2025-02-12T22:44:24-08:00,0,27
meta\main.js,130,js,d1c98d9c,lseseri,2025-02-12,22:44:24,-08:00,2025-02-12T22:44:24-08:00,0,20
meta\main.js,131,js,d1c98d9c,lseseri,2025-02-12,22:44:24,-08:00,2025-02-12T22:44:24-08:00,0,11
meta\main.js,132,js,d1c98d9c,lseseri,2025-02-12,22:44:24,-08:00,2025-02-12T22:44:24-08:00,0,26
meta\main.js,133,js,d1c98d9c,lseseri,2025-02-12,22:44:24,-08:00,2025-02-12T22:44:24-08:00,0,54
meta\main.js,134,js,d1c98d9c,lseseri,2025-02-12,22:44:24,-08:00,2025-02-12T22:44:24-08:00,0,0
meta\main.js,135,js,d1c98d9c,lseseri,2025-02-12,22:44:24,-08:00,2025-02-12T22:44:24-08:00,0,65
meta\main.js,136,js,d1c98d9c,lseseri,2025-02-12,22:44:24,-08:00,2025-02-12T22:44:24-08:00,0,78
meta\main.js,137,js,d1c98d9c,lseseri,2025-02-12,22:44:24,-08:00,2025-02-12T22:44:24-08:00,0,0
meta\main.js,138,js,d1c98d9c,lseseri,2025-02-12,22:44:24,-08:00,2025-02-12T22:44:24-08:00,0,17
meta\main.js,139,js,d1c98d9c,lseseri,2025-02-12,22:44:24,-08:00,2025-02-12T22:44:24-08:00,0,35
meta\main.js,140,js,d1c98d9c,lseseri,2025-02-12,22:44:24,-08:00,2025-02-12T22:44:24-08:00,0,15
meta\main.js,141,js,d1c98d9c,lseseri,2025-02-12,22:44:24,-08:00,2025-02-12T22:44:24-08:00,0,16
meta\main.js,142,js,d1c98d9c,lseseri,2025-02-12,22:44:24,-08:00,2025-02-12T22:44:24-08:00,0,59
meta\main.js,143,js,d1c98d9c,lseseri,2025-02-12,22:44:24,-08:00,2025-02-12T22:44:24-08:00,0,0
meta\main.js,144,js,d1c98d9c,lseseri,2025-02-12,22:44:24,-08:00,2025-02-12T22:44:24-08:00,0,12
meta\main.js,145,js,d1c98d9c,lseseri,2025-02-12,22:44:24,-08:00,2025-02-12T22:44:24-08:00,0,2
meta\main.js,146,js,d1c98d9c,lseseri,2025-02-12,22:44:24,-08:00,2025-02-12T22:44:24-08:00,0,11
meta\main.js,147,js,d1c98d9c,lseseri,2025-02-12,22:44:24,-08:00,2025-02-12T22:44:24-08:00,0,55
meta\main.js,148,js,d1c98d9c,lseseri,2025-02-12,22:44:24,-08:00,2025-02-12T22:44:24-08:00,0,12
meta\main.js,149,js,d1c98d9c,lseseri,2025-02-12,22:44:24,-08:00,2025-02-12T22:44:24-08:00,0,0
meta\main.js,150,js,d1c98d9c,lseseri,2025-02-12,22:44:24,-08:00,2025-02-12T22:44:24-08:00,0,12
meta\main.js,151,js,d1c98d9c,lseseri,2025-02-12,22:44:24,-08:00,2025-02-12T22:44:24-08:00,0,2
meta\main.js,152,js,d1c98d9c,lseseri,2025-02-12,22:44:24,-08:00,2025-02-12T22:44:24-08:00,0,11
meta\main.js,153,js,d1c98d9c,lseseri,2025-02-12,22:44:24,-08:00,2025-02-12T22:44:24-08:00,0,53
meta\main.js,154,js,d1c98d9c,lseseri,2025-02-12,22:44:24,-08:00,2025-02-12T22:44:24-08:00,0,12
meta\main.js,155,js,d1c98d9c,lseseri,2025-02-12,22:44:24,-08:00,2025-02-12T22:44:24-08:00,0,0
meta\main.js,156,js,d1c98d9c,lseseri,2025-02-12,22:44:24,-08:00,2025-02-12T22:44:24-08:00,0,50
meta\main.js,157,js,d1c98d9c,lseseri,2025-02-12,22:44:24,-08:00,2025-02-12T22:44:24-08:00,0,0
meta\main.js,158,js,d1c98d9c,lseseri,2025-02-12,22:44:24,-08:00,2025-02-12T22:44:24-08:00,0,3
meta\main.js,159,js,d1c98d9c,lseseri,2025-02-12,22:44:24,-08:00,2025-02-12T22:44:24-08:00,0,19
meta\main.js,160,js,d1c98d9c,lseseri,2025-02-12,22:44:24,-08:00,2025-02-12T22:44:24-08:00,0,13
meta\main.js,161,js,d1c98d9c,lseseri,2025-02-12,22:44:24,-08:00,2025-02-12T22:44:24-08:00,0,14
meta\main.js,162,js,d1c98d9c,lseseri,2025-02-12,22:44:24,-08:00,2025-02-12T22:44:24-08:00,0,37
meta\main.js,163,js,d1c98d9c,lseseri,2025-02-12,22:44:24,-08:00,2025-02-12T22:44:24-08:00,0,37
meta\main.js,164,js,d1c98d9c,lseseri,2025-02-12,22:44:24,-08:00,2025-02-12T22:44:24-08:00,0,12
meta\main.js,165,js,d1c98d9c,lseseri,2025-02-12,22:44:24,-08:00,2025-02-12T22:44:24-08:00,0,26
meta\main.js,166,js,d1c98d9c,lseseri,2025-02-12,22:44:24,-08:00,2025-02-12T22:44:24-08:00,0,0
meta\main.js,167,js,43c6bbe6,lseseri,2025-02-12,22:08:05,-08:00,2025-02-12T22:08:05-08:00,0,0
meta\main.js,168,js,43c6bbe6,lseseri,2025-02-12,22:08:05,-08:00,2025-02-12T22:08:05-08:00,0,58
meta\main.js,169,js,43c6bbe6,lseseri,2025-02-12,22:08:05,-08:00,2025-02-12T22:08:05-08:00,0,16
meta\main.js,170,js,43c6bbe6,lseseri,2025-02-12,22:08:05,-08:00,2025-02-12T22:08:05-08:00,0,2
meta\index.html,1,html,c211c882,lseseri,2025-02-11,18:26:08,-08:00,2025-02-11T18:26:08-08:00,0,14
meta\index.html,2,html,c211c882,lseseri,2025-02-11,18:26:08,-08:00,2025-02-11T18:26:08-08:00,0,15
meta\index.html,3,html,c211c882,lseseri,2025-02-11,18:26:08,-08:00,2025-02-11T18:26:08-08:00,0,5
meta\index.html,4,html,c211c882,lseseri,2025-02-11,18:26:08,-08:00,2025-02-11T18:26:08-08:00,0,21
meta\index.html,5,html,c211c882,lseseri,2025-02-11,18:26:08,-08:00,2025-02-11T18:26:08-08:00,0,69
meta\index.html,6,html,c211c882,lseseri,2025-02-11,18:26:08,-08:00,2025-02-11T18:26:08-08:00,0,18
meta\index.html,7,html,c211c882,lseseri,2025-02-11,18:26:08,-08:00,2025-02-11T18:26:08-08:00,0,43
meta\index.html,8,html,c211c882,lseseri,2025-02-11,18:26:08,-08:00,2025-02-11T18:26:08-08:00,0,49
meta\index.html,9,html,43c6bbe6,lseseri,2025-02-12,22:08:05,-08:00,2025-02-12T22:08:05-08:00,0,36
meta\index.html,10,html,43c6bbe6,lseseri,2025-02-12,22:08:05,-08:00,2025-02-12T22:08:05-08:00,0,52
meta\index.html,11,html,c211c882,lseseri,2025-02-11,18:26:08,-08:00,2025-02-11T18:26:08-08:00,0,6
meta\index.html,12,html,c211c882,lseseri,2025-02-11,18:26:08,-08:00,2025-02-11T18:26:08-08:00,0,5
meta\index.html,13,html,c211c882,lseseri,2025-02-11,18:26:08,-08:00,2025-02-11T18:26:08-08:00,0,3
meta\index.html,14,html,c211c882,lseseri,2025-02-11,18:26:08,-08:00,2025-02-11T18:26:08-08:00,0,3
meta\index.html,15,html,c211c882,lseseri,2025-02-11,18:26:08,-08:00,2025-02-11T18:26:08-08:00,0,4
meta\index.html,16,html,c211c882,lseseri,2025-02-11,18:26:08,-08:00,2025-02-11T18:26:08-08:00,0,2
meta\index.html,17,html,c211c882,lseseri,2025-02-11,18:26:08,-08:00,2025-02-11T18:26:08-08:00,0,55
meta\index.html,18,html,c211c882,lseseri,2025-02-11,18:26:08,-08:00,2025-02-11T18:26:08-08:00,0,3
meta\index.html,19,html,43c6bbe6,lseseri,2025-02-12,22:08:05,-08:00,2025-02-12T22:08:05-08:00,0,15
meta\index.html,20,html,43c6bbe6,lseseri,2025-02-12,22:08:05,-08:00,2025-02-12T22:08:05-08:00,0,21
meta\index.html,21,html,d1c98d9c,lseseri,2025-02-12,22:44:24,-08:00,2025-02-12T22:44:24-08:00,0,30
meta\index.html,22,html,d1c98d9c,lseseri,2025-02-12,22:44:24,-08:00,2025-02-12T22:44:24-08:00,0,21
meta\index.html,23,html,c211c882,lseseri,2025-02-11,18:26:08,-08:00,2025-02-11T18:26:08-08:00,0,6
meta\index.html,24,html,c211c882,lseseri,2025-02-11,18:26:08,-08:00,2025-02-11T18:26:08-08:00,0,6
contact\index.html,1,html,7cdcdce0,lseseri,2025-01-09,16:14:06,-08:00,2025-01-09T16:14:06-08:00,0,14
contact\index.html,2,html,7cdcdce0,lseseri,2025-01-09,16:14:06,-08:00,2025-01-09T16:14:06-08:00,0,15
contact\index.html,3,html,7cdcdce0,lseseri,2025-01-09,16:14:06,-08:00,2025-01-09T16:14:06-08:00,0,5
contact\index.html,4,html,7cdcdce0,lseseri,2025-01-09,16:14:06,-08:00,2025-01-09T16:14:06-08:00,0,21
contact\index.html,5,html,7cdcdce0,lseseri,2025-01-09,16:14:06,-08:00,2025-01-09T16:14:06-08:00,0,69
contact\index.html,6,html,7cdcdce0,lseseri,2025-01-09,16:14:06,-08:00,2025-01-09T16:14:06-08:00,0,21
contact\index.html,7,html,f278f784,lseseri,2025-01-22,19:07:45,-08:00,2025-01-22T19:07:45-08:00,0,43
contact\index.html,8,html,f278f784,lseseri,2025-01-22,19:07:45,-08:00,2025-01-22T19:07:45-08:00,0,49
contact\index.html,9,html,7cdcdce0,lseseri,2025-01-09,16:14:06,-08:00,2025-01-09T16:14:06-08:00,0,6
contact\index.html,10,html,7cdcdce0,lseseri,2025-01-09,16:14:06,-08:00,2025-01-09T16:14:06-08:00,0,5
contact\index.html,11,html,f82531b1,lseseri,2025-01-22,19:47:32,-08:00,2025-01-22T19:47:32-08:00,0,9
contact\index.html,12,html,d7ab6abf,lseseri,2025-01-09,17:39:23,-08:00,2025-01-09T17:39:23-08:00,0,3
contact\index.html,13,html,d7ab6abf,lseseri,2025-01-09,17:39:23,-08:00,2025-01-09T17:39:23-08:00,0,40
contact\index.html,14,html,f278f784,lseseri,2025-01-22,19:07:45,-08:00,2025-01-22T19:07:45-08:00,0,40
contact\index.html,15,html,d7ab6abf,lseseri,2025-01-09,17:39:23,-08:00,2025-01-09T17:39:23-08:00,0,53
contact\index.html,16,html,00b4af84,lseseri,2025-01-09,21:19:59,-08:00,2025-01-09T21:19:59-08:00,0,49
contact\index.html,17,html,d7ab6abf,lseseri,2025-01-09,17:39:23,-08:00,2025-01-09T17:39:23-08:00,0,71
contact\index.html,18,html,d7ab6abf,lseseri,2025-01-09,17:39:23,-08:00,2025-01-09T17:39:23-08:00,0,4
contact\index.html,19,html,f82531b1,lseseri,2025-01-22,19:47:32,-08:00,2025-01-22T19:47:32-08:00,0,9
contact\index.html,20,html,13f7c76f,lseseri,2025-01-15,14:37:28,-08:00,2025-01-15T14:37:28-08:00,0,3
contact\index.html,21,html,13f7c76f,lseseri,2025-01-15,14:37:28,-08:00,2025-01-15T14:37:28-08:00,0,6
contact\index.html,22,html,13f7c76f,lseseri,2025-01-15,14:37:28,-08:00,2025-01-15T14:37:28-08:00,0,4
contact\index.html,23,html,65a8e2e5,lseseri,2025-01-23,15:26:12,-08:00,2025-01-23T15:26:12-08:00,0,42
contact\index.html,24,html,65a8e2e5,lseseri,2025-01-23,15:26:12,-08:00,2025-01-23T15:26:12-08:00,0,51
contact\index.html,25,html,d7ab6abf,lseseri,2025-01-09,17:39:23,-08:00,2025-01-09T17:39:23-08:00,0,6
contact\index.html,26,html,d7ab6abf,lseseri,2025-01-09,17:39:23,-08:00,2025-01-09T17:39:23-08:00,0,7
contact\index.html,27,html,d7ab6abf,lseseri,2025-01-09,17:39:23,-08:00,2025-01-09T17:39:23-08:00,0,21
contact\index.html,28,html,d7ab6abf,lseseri,2025-01-09,17:39:23,-08:00,2025-01-09T17:39:23-08:00,0,7
contact\index.html,29,html,d7ab6abf,lseseri,2025-01-09,17:39:23,-08:00,2025-01-09T17:39:23-08:00,0,6
contact\index.html,30,html,d7ab6abf,lseseri,2025-01-09,17:39:23,-08:00,2025-01-09T17:39:23-08:00,0,4
contact\index.html,31,html,d7ab6abf,lseseri,2025-01-09,17:39:23,-08:00,2025-01-09T17:39:23-08:00,0,32
contact\index.html,32,html,d7ab6abf,lseseri,2025-01-09,17:39:23,-08:00,2025-01-09T17:39:23-08:00,0,7
contact\index.html,33,html,65a8e2e5,lseseri,2025-01-23,15:26:12,-08:00,2025-01-23T15:26:12-08:00,0,22
contact\index.html,34,html,d7ab6abf,lseseri,2025-01-09,17:39:23,-08:00,2025-01-09T17:39:23-08:00,0,6
contact\index.html,35,html,7cdcdce0,lseseri,2025-01-09,16:14:06,-08:00,2025-01-09T16:14:06-08:00,0,6
contact\index.html,36,html,7cdcdce0,lseseri,2025-01-09,16:14:06,-08:00,2025-01-09T16:14:06-08:00,0,6
